-- MySQL dump 10.13  Distrib 8.0.35, for Linux (x86_64)
--
-- Host: localhost    Database: blog
-- ------------------------------------------------------
-- Server version	8.0.35-0ubuntu0.22.04.1

/*!40101 SET @OLD_CHARACTER_SET_CLIENT=@@CHARACTER_SET_CLIENT */;
/*!40101 SET @OLD_CHARACTER_SET_RESULTS=@@CHARACTER_SET_RESULTS */;
/*!40101 SET @OLD_COLLATION_CONNECTION=@@COLLATION_CONNECTION */;
/*!50503 SET NAMES utf8mb4 */;
/*!40103 SET @OLD_TIME_ZONE=@@TIME_ZONE */;
/*!40103 SET TIME_ZONE='+00:00' */;
/*!40014 SET @OLD_UNIQUE_CHECKS=@@UNIQUE_CHECKS, UNIQUE_CHECKS=0 */;
/*!40014 SET @OLD_FOREIGN_KEY_CHECKS=@@FOREIGN_KEY_CHECKS, FOREIGN_KEY_CHECKS=0 */;
/*!40101 SET @OLD_SQL_MODE=@@SQL_MODE, SQL_MODE='NO_AUTO_VALUE_ON_ZERO' */;
/*!40111 SET @OLD_SQL_NOTES=@@SQL_NOTES, SQL_NOTES=0 */;

--
-- Table structure for table `categories`
--

DROP TABLE IF EXISTS `categories`;
/*!40101 SET @saved_cs_client     = @@character_set_client */;
/*!50503 SET character_set_client = utf8mb4 */;
CREATE TABLE `categories` (
  `id` bigint unsigned NOT NULL AUTO_INCREMENT,
  `name` varchar(255) COLLATE utf8mb4_unicode_ci NOT NULL,
  `created_at` timestamp NULL DEFAULT NULL,
  `updated_at` timestamp NULL DEFAULT NULL,
  PRIMARY KEY (`id`)
) ENGINE=InnoDB AUTO_INCREMENT=8 DEFAULT CHARSET=utf8mb4 COLLATE=utf8mb4_unicode_ci;
/*!40101 SET character_set_client = @saved_cs_client */;

--
-- Dumping data for table `categories`
--

LOCK TABLES `categories` WRITE;
/*!40000 ALTER TABLE `categories` DISABLE KEYS */;
INSERT INTO `categories` VALUES (1,'Thể Thao','2023-10-27 04:16:13','2023-10-27 04:16:17'),(2,'Giải Trí','2023-10-27 04:16:40','2023-10-27 04:16:42'),(3,'Đời Sống Hằng Ngày','2023-10-27 04:17:03','2023-10-27 04:17:05'),(4,'Y học - sức khoẻ','2023-10-30 10:08:57','2023-10-30 10:09:02'),(5,'Khoa học vũ trụ','2023-11-03 01:51:54','2023-11-03 01:51:58'),(6,'Công nghệ','2023-11-03 01:52:24','2023-11-03 01:52:26'),(7,'Khám phá khoa học','2023-11-03 02:02:29','2023-11-03 02:02:31');
/*!40000 ALTER TABLE `categories` ENABLE KEYS */;
UNLOCK TABLES;

--
-- Table structure for table `comments`
--

DROP TABLE IF EXISTS `comments`;
/*!40101 SET @saved_cs_client     = @@character_set_client */;
/*!50503 SET character_set_client = utf8mb4 */;
CREATE TABLE `comments` (
  `id` bigint unsigned NOT NULL AUTO_INCREMENT,
  `post_id` bigint unsigned NOT NULL,
  `name` varchar(255) COLLATE utf8mb4_unicode_ci NOT NULL,
  `email` varchar(255) COLLATE utf8mb4_unicode_ci NOT NULL,
  `content` text COLLATE utf8mb4_unicode_ci NOT NULL,
  `created_at` timestamp NULL DEFAULT NULL,
  `updated_at` timestamp NULL DEFAULT NULL,
  PRIMARY KEY (`id`)
) ENGINE=InnoDB AUTO_INCREMENT=6 DEFAULT CHARSET=utf8mb4 COLLATE=utf8mb4_unicode_ci;
/*!40101 SET character_set_client = @saved_cs_client */;

--
-- Dumping data for table `comments`
--

LOCK TABLES `comments` WRITE;
/*!40000 ALTER TABLE `comments` DISABLE KEYS */;
INSERT INTO `comments` VALUES (1,32,'haidang','haidang@gmail.com','sửa lại định dạng trang','2023-11-03 00:42:31','2023-11-03 00:42:31'),(2,15,'haidang123','haidang1@gmail.com','ddadasdas','2023-11-03 01:03:45','2023-11-03 01:03:45'),(3,15,'haidang','haidang123@gmail.com','sửa lại format','2023-11-03 01:30:16','2023-11-03 01:30:16'),(4,37,'Albert Einstein','abc@gmail.com','Học từ ngày hôm qua, sống cho ngày hôm nay, hy vọng cho ngày mai điều quan trọng nhất là không ngừng đặt câu hỏi.','2023-11-06 00:18:16','2023-11-06 00:18:16'),(5,36,'Albert Einstein','abc@gmail.com','Logic sẽ đưa anh từ điểm A đến điểm B còn trí tưởng tượng sẽ đưa anh đến mọi nơi!!!!','2023-11-06 00:20:24','2023-11-06 00:20:24');
/*!40000 ALTER TABLE `comments` ENABLE KEYS */;
UNLOCK TABLES;

--
-- Table structure for table `failed_jobs`
--

DROP TABLE IF EXISTS `failed_jobs`;
/*!40101 SET @saved_cs_client     = @@character_set_client */;
/*!50503 SET character_set_client = utf8mb4 */;
CREATE TABLE `failed_jobs` (
  `id` bigint unsigned NOT NULL AUTO_INCREMENT,
  `uuid` varchar(255) COLLATE utf8mb4_unicode_ci NOT NULL,
  `connection` text COLLATE utf8mb4_unicode_ci NOT NULL,
  `queue` text COLLATE utf8mb4_unicode_ci NOT NULL,
  `payload` longtext COLLATE utf8mb4_unicode_ci NOT NULL,
  `exception` longtext COLLATE utf8mb4_unicode_ci NOT NULL,
  `failed_at` timestamp NOT NULL DEFAULT CURRENT_TIMESTAMP,
  PRIMARY KEY (`id`),
  UNIQUE KEY `failed_jobs_uuid_unique` (`uuid`)
) ENGINE=InnoDB DEFAULT CHARSET=utf8mb4 COLLATE=utf8mb4_unicode_ci;
/*!40101 SET character_set_client = @saved_cs_client */;

--
-- Dumping data for table `failed_jobs`
--

LOCK TABLES `failed_jobs` WRITE;
/*!40000 ALTER TABLE `failed_jobs` DISABLE KEYS */;
/*!40000 ALTER TABLE `failed_jobs` ENABLE KEYS */;
UNLOCK TABLES;

--
-- Table structure for table `migrations`
--

DROP TABLE IF EXISTS `migrations`;
/*!40101 SET @saved_cs_client     = @@character_set_client */;
/*!50503 SET character_set_client = utf8mb4 */;
CREATE TABLE `migrations` (
  `id` int unsigned NOT NULL AUTO_INCREMENT,
  `migration` varchar(255) COLLATE utf8mb4_unicode_ci NOT NULL,
  `batch` int NOT NULL,
  PRIMARY KEY (`id`)
) ENGINE=InnoDB AUTO_INCREMENT=10 DEFAULT CHARSET=utf8mb4 COLLATE=utf8mb4_unicode_ci;
/*!40101 SET character_set_client = @saved_cs_client */;

--
-- Dumping data for table `migrations`
--

LOCK TABLES `migrations` WRITE;
/*!40000 ALTER TABLE `migrations` DISABLE KEYS */;
INSERT INTO `migrations` VALUES (1,'2014_10_12_000000_create_users_table',1),(2,'2014_10_12_100000_create_password_reset_tokens_table',1),(3,'2019_08_19_000000_create_failed_jobs_table',1),(4,'2019_12_14_000001_create_personal_access_tokens_table',1),(5,'2023_10_25_101349_create_categories_table',1),(6,'2023_10_25_101409_create_posts_table',1),(7,'2023_10_30_082728_update_users_table',2),(8,'2014_10_12_100000_create_password_resets_table',3),(9,'2023_11_03_023106_create_comments_table',3);
/*!40000 ALTER TABLE `migrations` ENABLE KEYS */;
UNLOCK TABLES;

--
-- Table structure for table `password_reset_tokens`
--

DROP TABLE IF EXISTS `password_reset_tokens`;
/*!40101 SET @saved_cs_client     = @@character_set_client */;
/*!50503 SET character_set_client = utf8mb4 */;
CREATE TABLE `password_reset_tokens` (
  `email` varchar(255) COLLATE utf8mb4_unicode_ci NOT NULL,
  `token` varchar(255) COLLATE utf8mb4_unicode_ci NOT NULL,
  `created_at` timestamp NULL DEFAULT NULL,
  PRIMARY KEY (`email`)
) ENGINE=InnoDB DEFAULT CHARSET=utf8mb4 COLLATE=utf8mb4_unicode_ci;
/*!40101 SET character_set_client = @saved_cs_client */;

--
-- Dumping data for table `password_reset_tokens`
--

LOCK TABLES `password_reset_tokens` WRITE;
/*!40000 ALTER TABLE `password_reset_tokens` DISABLE KEYS */;
/*!40000 ALTER TABLE `password_reset_tokens` ENABLE KEYS */;
UNLOCK TABLES;

--
-- Table structure for table `password_resets`
--

DROP TABLE IF EXISTS `password_resets`;
/*!40101 SET @saved_cs_client     = @@character_set_client */;
/*!50503 SET character_set_client = utf8mb4 */;
CREATE TABLE `password_resets` (
  `email` varchar(255) COLLATE utf8mb4_unicode_ci NOT NULL,
  `token` varchar(255) COLLATE utf8mb4_unicode_ci NOT NULL,
  `created_at` timestamp NULL DEFAULT NULL,
  KEY `password_resets_email_index` (`email`)
) ENGINE=InnoDB DEFAULT CHARSET=utf8mb4 COLLATE=utf8mb4_unicode_ci;
/*!40101 SET character_set_client = @saved_cs_client */;

--
-- Dumping data for table `password_resets`
--

LOCK TABLES `password_resets` WRITE;
/*!40000 ALTER TABLE `password_resets` DISABLE KEYS */;
/*!40000 ALTER TABLE `password_resets` ENABLE KEYS */;
UNLOCK TABLES;

--
-- Table structure for table `personal_access_tokens`
--

DROP TABLE IF EXISTS `personal_access_tokens`;
/*!40101 SET @saved_cs_client     = @@character_set_client */;
/*!50503 SET character_set_client = utf8mb4 */;
CREATE TABLE `personal_access_tokens` (
  `id` bigint unsigned NOT NULL AUTO_INCREMENT,
  `tokenable_type` varchar(255) COLLATE utf8mb4_unicode_ci NOT NULL,
  `tokenable_id` bigint unsigned NOT NULL,
  `name` varchar(255) COLLATE utf8mb4_unicode_ci NOT NULL,
  `token` varchar(64) COLLATE utf8mb4_unicode_ci NOT NULL,
  `abilities` text COLLATE utf8mb4_unicode_ci,
  `last_used_at` timestamp NULL DEFAULT NULL,
  `expires_at` timestamp NULL DEFAULT NULL,
  `created_at` timestamp NULL DEFAULT NULL,
  `updated_at` timestamp NULL DEFAULT NULL,
  PRIMARY KEY (`id`),
  UNIQUE KEY `personal_access_tokens_token_unique` (`token`),
  KEY `personal_access_tokens_tokenable_type_tokenable_id_index` (`tokenable_type`,`tokenable_id`)
) ENGINE=InnoDB DEFAULT CHARSET=utf8mb4 COLLATE=utf8mb4_unicode_ci;
/*!40101 SET character_set_client = @saved_cs_client */;

--
-- Dumping data for table `personal_access_tokens`
--

LOCK TABLES `personal_access_tokens` WRITE;
/*!40000 ALTER TABLE `personal_access_tokens` DISABLE KEYS */;
/*!40000 ALTER TABLE `personal_access_tokens` ENABLE KEYS */;
UNLOCK TABLES;

--
-- Table structure for table `posts`
--

DROP TABLE IF EXISTS `posts`;
/*!40101 SET @saved_cs_client     = @@character_set_client */;
/*!50503 SET character_set_client = utf8mb4 */;
CREATE TABLE `posts` (
  `id` bigint unsigned NOT NULL AUTO_INCREMENT,
  `title` varchar(255) COLLATE utf8mb4_unicode_ci NOT NULL,
  `content` text COLLATE utf8mb4_unicode_ci NOT NULL,
  `image_path` text COLLATE utf8mb4_unicode_ci,
  `describe_short` text COLLATE utf8mb4_unicode_ci NOT NULL,
  `category_id` bigint unsigned NOT NULL,
  `user_id` bigint unsigned NOT NULL,
  `status` enum('draft','published') COLLATE utf8mb4_unicode_ci NOT NULL DEFAULT 'draft',
  `created_at` timestamp NULL DEFAULT NULL,
  `updated_at` timestamp NULL DEFAULT NULL,
  PRIMARY KEY (`id`),
  KEY `posts_category_id_foreign` (`category_id`),
  KEY `posts_user_id_foreign` (`user_id`),
  CONSTRAINT `posts_category_id_foreign` FOREIGN KEY (`category_id`) REFERENCES `categories` (`id`),
  CONSTRAINT `posts_user_id_foreign` FOREIGN KEY (`user_id`) REFERENCES `users` (`id`)
) ENGINE=InnoDB AUTO_INCREMENT=38 DEFAULT CHARSET=utf8mb4 COLLATE=utf8mb4_unicode_ci;
/*!40101 SET character_set_client = @saved_cs_client */;

--
-- Dumping data for table `posts`
--

LOCK TABLES `posts` WRITE;
/*!40000 ALTER TABLE `posts` DISABLE KEYS */;
INSERT INTO `posts` VALUES (15,'Đồ chơi trẻ em từ nhà sáng tạo nhí','<p>Từ trò chơi dân gian nhảy lò cò, Châu Anh có ý tưởng thiết kế các ô nhảy di động có tính điểm, thắng giải Cuộc thi sáng tạo thanh thiếu niên nhi đồng toàn quốc 2023.</p><p>Khuôn viên trước một trường mầm non ở phường Trảng Dài, TP Biên Hòa rộn ràng khi <strong>Phan Nguyễn Châu Anh</strong>, lớp 4/2 Trường tiểu học Nguyễn Thái Học hướng dẫn các em nhỏ cùng tham gia<strong> trò chơi vận động từ những ô vuông làm bằng cỏ nhân tạo.</strong></p><p><strong>Trò chơi vận động cùng bé </strong>là sản phẩm được Châu Anh và ba bạn nhỏ cùng trường sáng tạo ra vừa được giải ba Cuộc thi sáng tạo thanh thiếu niên nhi đồng toàn quốc 2023.</p><p>Khi xu hướng nhiều trẻ em thích cầm điện thoại chơi game, xem video nhảy múa... thì Châu Anh và các bạn trong xóm lại thích các trò chơi dân gian như ô ăn quan, nhảy lò cò, nhảy dây, đánh banh đũa. Từ trò chơi nhảy lò cò, Châu Anh có ý tưởng làm các ô nhảy di động để chơi ở mọi nơi.</p>','images/1698720225.jpg','Từ trò chơi dân gian nhảy lò cò, Châu Anh có ý tưởng thiết kế các ô nhảy di động có tính điểm, thắng giải Cuộc thi sáng tạo thanh thiếu niên nhi đồng toàn quốc 2023.',3,2,'published','2023-10-30 01:57:07','2023-10-30 19:43:45'),(16,'Nổi da gà với loài động vật chân bụng có áo giáp sắt','<p>Sự đa dạng sinh học hiện nay đã đủ khiến con người phải kinh ngạc, nhưng chúng ta phải biết rằng nhiều sinh vật đã tiến hóa từ rất lâu, để tồn tại trên trái đất và thích nghi với môi trường trái đất, mỗi sinh vật cũng phát triển những khả năng khác nhau.</p><p>Để có thể ăn nhiều thức ăn hơn, chúng đã phát triển những móng vuốt rất sắc bén, và tốc độ chạy của chúng ngày càng tăng, và nhiều con mồi đã học được một số bản năng để tự tồn tại, chẳng hạn như một số động vật sẽ đổi màu, một số động vật sẽ ngụy trang, và trong số nhiều loài động vật, động vật hiệu quả nhất để bảo vệ mình là động vật giáp xác, trong tự nhiên, chẳng hạn như cua, rùa và các động vật khác, chúng đã tiến hóa, có vỏ rất cứng.</p>','images/1698660940.jpg','Môi trường sống ngặt nghèo đã khiến loài ốc sên chân vảy tiến hóa theo hướng phát triết một bộ áo giáp độc đáo. Cụ thể, vỏ của ốc sên chân vảy gồm ba lớp, mỗi lớp được cho là có một chức năng bảo vệ riêng.',7,2,'published','2023-10-30 03:15:40','2023-11-02 19:03:34'),(17,'AI tiên đoán khả năng sống sót của bệnh nhân ung thư','<p>Các nhà khoa học vừa phát triển cách dự đoán thời gian sống sót của bệnh nhân ung thư thông qua trí tuệ nhân tạo (AI), độ chính xác cao.</p><p>Hiện nay, tiên lượng của bác sĩ về việc một người sẽ sống bao nhiêu năm sau mắc ung thư có phần mơ hồ và không chính xác. Một số bệnh nhân sống lâu hơn nhiều so với dự tính, số khác chuyển xấu ngay sau khi nhận tin mắc bệnh và chết trong vòng vài tuần.</p><p>Nghiên cứu mới, do các nhà khoa học tại Trung tâm Y tế McGaw của Đại học Northwestern thực hiện, được trình bày tại Hội nghị Lâm sàng Thường niên của Trường Đại học Phẫu thuật Mỹ (ACS) có thể giải quyết vấn đề này. Các nhà khoa học đã sử dụng cơ sở dữ liệu khổng lồ, hồ sơ bệnh án của hầu hết bệnh nhân ung thư ở Mỹ để huấn luận AI đưa ra dự đoán chính xác trong vòng 10 tháng.</p><p>Công cụ phân tích hồ sơ của 400.000 bệnh nhân mắc ung thư vú, tuyến giáp và tuyến tụy trong năm 2015 đến năm 2017, thuộc Cơ sở dữ liệu Ung thư Quốc gia (NCDB). Bộ dữ liệu chứa hồ sơ của 72% trường hợp ung thư mới được chẩn đoán ở Mỹ.</p><p>Các nhà khoa học đã sử dụng nó để tạo ra các thuật toán nhận biết mô hình triệu chứng, thời gian chẩn đoán và khả năng sống sót của bệnh nhân sau 5 năm. Sau đó, thuật toán xếp hạng các yếu tố có ảnh hưởng lớn đến tiên lượng của người bệnh.</p><p>Yếu tố gồm dấu hiệu đặc trưng cho khối u, tuổi của bệnh nhân khi chẩn đoán, kích thước khối u, thời gian từ khi chẩn đoán đến điều trị. Tác giả chính của nghiên cứu, tiến sĩ Lauren Janczewski, cho biết <strong>thuật toán AI có độ chính xác cao, dự đoán khả năng sống sót thực sự trong vòng 9 đến 10 tháng.</strong></p><p>Tiến sĩ Sarah Holmes, giám đốc y tế tại Marie Curie, cho biết thiết bị sẽ giúp tiên lượng bệnh nhân chính xác hơn, đặc biệt những người mắc ung thư giai đoạn cuối. Từ quan điểm của bác sĩ lâm sàng, tiến sĩ Holmes cho rằng tiên lượng rõ ràng giúp duy trì chất lượng cuộc sống của bệnh nhân đến cuối đời.</p>','images/1698661030.jpg','Yếu tố gồm dấu hiệu đặc trưng cho khối u, tuổi của bệnh nhân khi chẩn đoán, kích thước khối u, thời gian từ khi chẩn đoán đến điều trị. Tác giả chính của nghiên cứu, tiến sĩ Lauren Janczewski, cho biết thuật toán AI có độ chính xác cao, dự đoán khả năng sống sót thực sự trong vòng 9 đến 10 tháng.',4,2,'draft','2023-10-30 03:17:10','2023-10-30 19:46:15'),(19,'Lộ diện cổ vật 7.000 năm \"độc đáo và chết người\" ở Indonesia','<p>\"Độc đáo\" và \"chết người\" là những gì mà các nhà khảo cổ mô tả về những hiện vật đặc biệt vừa được khai quật trên đảo Sulawesi ở Indonesia.</p><p>Theo bài công bố trên tạp chí<i> Antiquity, </i>đó là những <strong>lưỡi dao hết sức đặc biệt được làm từ răng cá mập hổ </strong>và là bằng chứng lâu đời nhất thế giới về việc sử dụng răng cá mập làm vũ khí.</p><p>Với niên đại và cách chế tác đặc biệt, hai lưỡi dao là những báu vật vô giá.<br>Các hiện vật được phát hiện trong cuộc nghiên cứu phối hợp giữa Trung tâm Nghiên cứu tiến hóa con người, Đại học Griffith (Úc), Đại học Hasanuddin và Trung tâm Nghiên cứu và đổi mới quốc gia - BRIN (Indonesia).</p><p>Chúng đã giúp vén màn một xã hội bí ẩn sống ở phía Tây Nam đảo Sulawesi từ khoảng 8.000 năm trước. Người ta chỉ biết có một cộng đồng như vậy ở Indonesia nhưng họ sinh sống thế nào, kiếm ăn ra sao và biến mất khi nào vẫn chưa có lời giải.</p><p>Một chiếc răng hoàn chỉnh được tìm thấy tại <strong>hang Leang Panninge</strong>, có 2 lỗ được xuyên qua chân răng. Cái còn lại được tìm thấy tại <strong>hang Leang Bulu\'Sipong 1</strong>, có một lỗ, bị vỡ một phần nên các nhà khoa học cho rằng nó có thể cũng từng có 2 lỗ.</p><p>Theo <i>The Conversation</i>, kết quả kiểm tra các cạnh răng cho thấy chúng được dùng để đâm, cắt thịt và cạo thịt, xương. Thiệt hại lớn hơn nhiều so với độ mài mòn tự nhiên ở răng cá mập khi chúng ăn trong tự nhiên, cho thấy các hành vi đâm, cắt, cạo được thực hiện bởi con người.</p><p>Những chiếc lỗ và các dấu tích ở chân răng cũng cho thấy những người dân cổ đại ở đây dùng răng cá mập hổ như lưỡi dao, gắn vào một thứ gì đó khác.</p><p>Nó gợi ý đến một số vũ khí có niên đại gần hơn được tìm thấy ở các cộng đồng ven biển khác, ví dụ ở Hawaii - Mỹ, nơi một hoặc nhiều răng được gắn vào cán. Dù vậy, cách chế tác được áp dụng vào răng cá mập hổ ở Indonesia vẫn là độc nhất vô nhị.</p><p>Kết hợp nhiều yếu tố khác, các nhà khoa học tin rằng lưỡi dao răng cá mập ở Indonesia đã được sử dụng trong một dụng cụ nghi lễ hoặc trong xung đột, tức không loại trừ khả năng những dấu vết tác động khủng khiếp trên các lưỡi dao là lên con người chứ không phải thịt động vật.</p><p>Các phát hiện từ khắp nơi trên thế giới cho thấy cá mập đóng một vai trò quan trọng trong lịch sử nhiều cộng đồng. Chúng bị săn bắt không chỉ để làm thức ăn mà còn cung cấp nguyên liệu để chế tác vũ khí, trang sức, các công cụ nghi lễ.</p><p>Các báu vật khảo cổ ở Indonesia có niên đại kỷ lục là 7.000 năm, trong khi các hiện vật khác từng được quan sát trên thế giới có niên đại lâu nhất là 5.000 năm.</p><p>Ngoài Indonesia và Hawaii, công cụ răng cá mập từng được khai quật tại một số đảo ở Papua New Guinea và Brazil.</p>','images/1698722042.jpg','\"Độc đáo\" và \"chết người\" là những gì mà các nhà khảo cổ mô tả về những hiện vật đặc biệt vừa được khai quật trên đảo Sulawesi ở Indonesia.',7,4,'published','2023-10-30 20:14:02','2023-11-02 19:03:05'),(20,'Hành khách trên máy bay ghi lại cận cảnh UFO hình kim cương','<p>Trong chuyến bay từ Bogotá đến Salento (Colombia, Mỹ), một hành khách quay video lại cảnh bầu trời yên bình có nhiều mây trắng. Bất ngờ một vật thể khả nghi lọt vào tầm ngắm.</p><p><strong>Vật thể lạ bay tự do</strong> trong không khí không cần sự trợ giúp bởi bất kỳ phương tiện nào khác, điều này làm tăng thêm sự bí ẩn.</p><p>Một số người cho rằng vật thể này là chiếc máy bay quân sự tuyệt mật. Số khác lại khẳng định đây là sản phẩm của người ngoài Trái đất. Vật thể mang hình dạng như viên kim cương, nhưng có màu bạc giống kim loại.</p><p>Điều đáng nói, <strong>vật thể chuyển động theo đường thẳng hoàn toàn</strong>. Những người hoài nghi khẳng định đây là quả bóng bay bằng nhựa. Tuy nhiên quan điểm này bị phản bác bởi nếu là quả bóng bay, nó đã di chuyển chao đảo.</p><p>Đoạn video được đăng tải trên YouTube thu hút sự chú ý của cộng đồng mạng. Một người dùng viết: <i>\"Đây có phải là máy bay không người lái, khinh khí cầu, hay thứ gì đó ngoài tầm hiểu biết của chúng ta?\".</i></p><p>Một người hâm mộ UFO khác chia sẻ: <i>“Đúng là cảnh tượng đáng kinh ngạc. Không phải ngày nào bạn cũng có thể nhìn thấy UFO kỳ lạ như vậy trong một chuyến bay thương mại”.</i></p><p>Các chuyên gia UFO đang kêu gọi điều tra thêm về vật thể này, với hy vọng sẽ thu thập được nhiều thông tin để giải đáp các bí ẩn.</p>','images/1698722297.jpg','Nhiều du khách được chứng kiến UFO hình kim cương bí ẩn bay dọc theo máy bay thương mại.Trong chuyến bay từ Bogotá đến Salento (Colombia, Mỹ), một hành khách quay video lại cảnh bầu trời yên bình có nhiều mây trắng. Bất ngờ một vật thể khả nghi lọt vào tầm ngắm.',5,4,'published','2023-10-30 20:18:17','2023-11-02 18:59:39'),(21,'Máy bay lai khí cầu 124m sắp cất cánh lần đầu','<p>Nhà đồng sáng lập Google Sergey Brin thành lập công ty LTA Research năm 2015 và phát triển <strong>nguyên mẫu máy bay lai khí cầu Pathfinder 1 khổng lồ</strong>. Phương tiện hướng tới tăng tốc xử lý thiên tai và chở hàng không thải khí, <i>New Atlas </i>hôm 27/10 đưa tin.</p><p>Với chiều dài 124m và đường kính 20m, <strong>Pathfinder 1 dài hơn đáng kể cho với mẫu </strong><a href=\"https://khoahoc.tv/may-bay-lon-nhat-the-gioi-sap-cat-canh-lan-dau-70489\"><strong>Airlander 10</strong></a>, dù chiều rộng chỉ bằng gần một nửa. Đây có thể không phải là máy bay lớn nhất thế giới nhưng kích thước của nó vẫn thuộc hàng khổng lồ, dài gấp gần hai lần <a href=\"https://khoahoc.tv/chiec-lop-hinh-vuong-cua-airbus-a380-khien-cac-chuyen-gia-hang-khong-boi-ro-72686\">máy bay Airbus A380</a>. Pathfinder 1 sử dụng bộ khung cấu tạo từ 96 ống titan hàn, nối liền bằng 289 ống sợi carbon gia cố. Những vật liệu này giúp phương tiện đủ nhẹ để bay bằng heli, thay vì sử dụng hydrogen làm khí nâng.</p><p>Lớp vỏ ngoài cùng của Pathfinder 1 cấu tạo từ <strong>vật liệu Tedlar</strong> không bắt lửa cán mỏng. Phương tiện được nâng bởi 13 túi nylon chống rách chứa đầy heli và phủ urethane. 12 động cơ đẩy điện nhô ra từ bên hông và phía sau máy bay, mỗi động cơ có thể xoay 360 độ để cung cấp lực đẩy có hướng và điều khiển vị trí. Tất cả chúng đều được quản lý thông qua hệ thống điều khiển bay điện tử và nút nhấn đa hướng đơn giản.</p><p>Ngoài trang bị bộ pin khá lớn, <strong>Pathfinder 1 còn hoạt động nhờ máy phát điện chạy dầu diesel</strong> 150 kW, dù kế hoạch cuối cùng là thay thế chúng bằng pin nhiên liệu hydro. Ước tính tốc độ tối đa của mẫu máy bay là 120 km/h và cabin có thể chứa 14 hành khách. LTA ước tính sức chở hàng của phương tiện vào khoảng 2.000 - 5.000 kg.</p><p>Pathfinder 1 đã bay trong nhà vào đầu năm nay. Công ty được cấp chứng chỉ bay đặc biệt để lái phương tiện ở độ cao dưới 460 m, trong không phận của Moffett Field và sân bay Palo Alto ở lân cận.</p><p><strong>Pathfinder 1 chỉ là phiên bản chứng minh khái niệm.</strong> Mẫu Pathfinder 3 lớn hơn dài 180m đang được phát triển. LTA đã mua lại nhà kho Airdock ở Akron, Ohio, nơi đủ lớn để chứa một máy bay lai khí cầu dài 300m. Theo LTA, trọng tâm chính của họ là hỗ trợ nhân đạo. Máy bay có thể chở hàng hóa và người dân ra khỏi vùng thiên tại khi đường sá bị phá hủy. Ngoài ra, phương tiện có thể vận chuyển hàng từ điểm này tới điểm khác. Tuy nhiên, nó sẽ phải hạ cánh nếu thời tiết không thuận lợi.</p>','images/1698722815.jpg','Máy bay Pathfinder 1 cất cánh bằng khí heli có thể chở 14 hành khách và 2.000 - 5.000 kg hàng hóa đang chuẩn bị cho chuyến bay ngoài trời đầu tiên.',7,4,'published','2023-10-30 20:26:55','2023-11-02 19:03:15'),(23,'Nhật Bản thành công nuôi phôi chuột trong không gian','<p>Nhóm nghiên cứu Nhật Bản đã thành công trong việc <strong>phát triển trứng chuột được thụ tinh thành phôi nang</strong> - giai đoạn đầu tiên của quá trình biệt hóa tế bào - trên Trạm vũ trụ quốc tế ISS.</p><p>Nhóm <strong>nghiên cứu phôi chuột phát triển trên không gian</strong> bao gồm các nhà nghiên cứu từ Đại học Yamanashi, Cơ quan thám hiểm hàng không vũ trụ Nhật Bản (JAXA) và Viện nghiên cứu Riken do chính phủ hậu thuẫn. Kết quả được công bố trực tuyến ngày 28-10 trên tạp chí khoa học <i>iScience</i> của Mỹ.</p><p>Nghiên cứu được đưa ra trong bối cảnh mối quan tâm ngày càng tăng về tác động của trọng lực lên khả năng sinh sản, khi loài người tiến vào không gian.</p><p>Ông Teruhiko Wakayama tại Đại học Yamanashi, người đứng đầu nghiên cứu, cho biết:<i> “Có khả năng các phi hành gia sẽ mang thai trong chuyến du hành tới sao Hỏa trong tương lai, vì họ sẽ mất hơn 6 tháng để du hành tới đó. Chúng tôi đang tiến hành nghiên cứu để đảm bảo con người có thể có con một cách an toàn nếu thời điểm đó đến”.</i></p><p>Wakayama và các đồng nghiệp đã thực hiện những bước đầu tiên trong phòng thí nghiệm của họ trên Trái đất. Nhóm nghiên cứu đã lấy 720 phôi chuột ở giai đoạn còn là hai tế bào từ những con chuột mang thai và đông lạnh chúng.</p><p>Phôi đông lạnh được gửi đến ISS trên tên lửa SpaceX phóng từ Florida (Mỹ) vào tháng 8-2021.</p><p>Phôi chuột được lưu trữ bên trong các thiết bị đặc biệt mà nhóm của Wakayama thiết kế để các phi hành gia trên trạm có thể dễ dàng rã đông phôi và nuôi cấy chúng.</p><p>Phi hành gia Akihiko Hoshide, người đang thực hiện sứ mệnh dài hạn trên ISS vào thời điểm đó, đã rã đông và nuôi cấy phôi.</p><p>Tiến sĩ Wakayama cho biết phôi chuột được phát triển trong 4 ngày vì chúng chỉ có thể tồn tại trong khoảng thời gian đó bên ngoài tử cung.</p><p>Sau đó, các phi hành gia đã bảo quản phôi chuột bằng phương pháp hóa học và gửi chúng về Trái đất trên một con tàu quay trở lại.</p>','images/1698728135.jpg','Nhóm nghiên cứu Nhật Bản đã thành công trong việc phát triển trứng chuột được thụ tinh thành phôi nang - giai đoạn đầu tiên của quá trình biệt hóa tế bào - trên Trạm vũ trụ quốc tế ISS.',3,2,'published','2023-10-30 21:50:23','2023-10-30 21:55:35'),(24,'Tiết lộ bất ngờ về bữa ăn cuối cùng của hoàng đế Napoleon','<p><strong>Hoàng đế Napoleon nổi tiếng nước Pháp đã trút hơi thở cuối cùng vào ngày 5/5/1821 trên hòn đảo St. Helena hoang vắng.</strong> Hậu thế không khỏi tò mò về bữa ăn cuối cùng của ông hoàng trước khi từ giã cõi đời.</p><p>Được coi là một trong những nhà lãnh đạo quân sự vĩ đại nhất thế giới, <a href=\"https://khoahoc.tv/tim-hieu-nhung-su-that-thu-vi-ve-hoang-de-napoleon-bonaparte-63191\">hoàng đế Napoleon</a>&nbsp;nổi tiếng với tài cầm quân. Ông đã chỉ huy quân đội Pháp đánh bại nhiều kẻ thù mạnh.</p><p>Theo các sử gia, hoàng đế Napoleon tham gia 60 trận chiến và chỉ thua 7 trận. Nhà cầm quân này không chỉ giỏi về chiến lược mà cả chiến thuật. Trong nhiều chiến dịch, Napoleon đã từng lấy ít địch nhiều thông qua các biện pháp như: di chuyển nhanh và táo bạo, chia cắt quân địch để tấn công, cắt đường lui của kẻ thù...</p><p>Nhờ vậy, Napoleon được ca ngợi là một trong những vị tướng xuất chúng nhất lịch sử quân sự thế giới. Tuy nhiên, sau thất bại lịch sử trong trận Waterloo năm 1815, ông hoàng này bị buộc thoái vị và chịu án đi đày trên hòn <strong>đảo St. Helena</strong> phía nam Đại Tây dương.</p><p>Sau 6 năm sống trên đảo St. Helena, Napoleon trút hơi thở cuối cùng. Kết quả khám nghiệm tử thi sau đó kết luận nguyên nhân tử vong được công bố là ung thư dạ dày.</p><p>Liên quan đến cái chết của Napoleon - hoàng đế lừng lẫy một thời của nước Pháp, nhiều người tò mò ông đã ăn gì trong bữa cuối cùng.</p><p>Theo các nhà nghiên cứu, trong thời gian sống trong <strong>ngôi nhà Longwood</strong> trên hòn đảo St. Helena, Napoleon có một quản gia chăm lo chuyện ăn uống.</p><p>Hàng ngày, quản gia chuẩn bị các bữa ăn cho Napoleon với các món chế biến từ thịt bò, thịt cừu, thịt lợn, bánh mì, trứng gà, sữa, gà tây, ngỗng, chim bồ câu...</p><p>Napoleon dùng các món ăn kèm với rượu vang, rượu cognac, rượu rum hay rượu mạch nha...</p><p>Các nhà nghiên cứu cho hay <strong>bữa ăn cuối cùng của Napoleon gồm</strong>: <strong>thịt bò, trứng, cà chua, bánh mì nướng và một ít rượu sherry.</strong></p><p>Do đau yếu, bệnh tật trong một thời gian dài nên hoàng đế Napoleon không thể ăn bữa cuối ngon miệng. Ông qua đời vào năm 1821, hưởng thọ 52 tuổi.</p>','images/1698809401.jpg','Hoàng đế Napoleon nổi tiếng nước Pháp đã trút hơi thở cuối cùng vào ngày 5/5/1821 trên hòn đảo St. Helena hoang vắng. Hậu thế không khỏi tò mò về bữa ăn cuối cùng của ông hoàng trước khi từ giã cõi đời.',7,2,'published','2023-10-31 20:29:51','2023-11-02 19:02:51'),(25,'Người thứ hai được ghép tim lợn tử vong sau 6 tuần','<p><strong>Ngày 1/11, Trung tâm Y tế Đại học Maryland thông báo người thứ hai được ghép tim lợn trên thế giới đã qua đời.</strong></p><p>Bệnh nhân là <strong>Lawrence Faucette</strong>, 58 tuổi, một cựu chiến binh và kỹ thuật viên phòng thí nghiệm đã nghỉ hưu. Ông được ghép tim hôm 20/9, có dấu hiệu đào thải vào tuần trước và qua đời ngày 30/10. <strong>Thải ghép là hiện tượng hệ miễn dịch của người cấy ghép từ chối, tấn công và phá hủy cơ quan hoặc mô được cấy ghép.</strong></p><p>Trước đó, sức khỏe ông tiến triển tốt sau ca ghép, có khả năng đi lại, thậm chí đủ sức để chơi bài với vợ, theo đại diện trung tâm y tế.</p><p>Faucette đã được điều trị bằng phương pháp kháng thể thử nghiệm để ức chế hệ miễn dịch và ngăn cản tình trạng đào thải. Tuy nhiên, <strong>thải ghép là </strong><i><strong>\"thách thức lớn nhất của những ca ghép tạng truyền thống\"</strong></i>, theo các bác sĩ.</p><p>&nbsp;</p><p>Trong những tuần cuối đời, Faucette trở nên thân thiết với kíp mổ của mình. Bác sĩ phẫu thuật của ông, tiến sĩ Bartley P. Griffith, nói Faucette nhận thức được ca phẫu thuật có ý nghĩa quan trọng thế nào với những tiến bộ y tế trong tương lai.</p><p>Mong muốn cuối cùng của người đàn ông là giúp các bác sĩ tận dụng tối đa những gì học được từ kinh nghiệm của mình để giúp các bệnh nhân khác tiến triển tốt hơn.</p><p>Faucette nhập viện lần đầu ngày 14/9, ở giai đoạn cuối của bệnh suy tim, cần phải hồi sức. Ngày hôm sau, ông được Cục Quản lý Thực phẩm và Dược phẩm Mỹ (FDA) chấp thuận<strong> cấy ghép khác loài (xenotrans)</strong> như biện pháp cuối cùng, bởi các vấn đề sức khỏe tiềm ẩn khiến ông không thể ghép tim kiểu truyền thống.</p><p><i>\"Anh ấy biết thời gian chúng tôi ở bên nhau còn rất ngắn ngủi. Đây là cơ hội cuối cùng anh ấy có thể làm điều gì đó cho người khác. Anh ấy chưa từng tưởng tượng mình sẽ sống sót lâu như vậy, hoặc có thể cung cấp nhiều dữ liệu đến thế cho chương trình xenotransplant</i>\", vợ ông, bà Ann Faucette nói.</p><p>Trái tim lợn ghép cho Faucette đã được sửa đổi một số gene, đồng thời bổ sung thêm gene người để ngăn chặn sự đào thải. Năm ngoái, Trung tâm Y tế Đại học Maryland đã hoàn thành ca ghép tim lợn đầu tiên trên thế giới cho <a href=\"https://khoahoc.tv/benh-nhan-nhan-tim-lon-cay-ghep-dau-tien-tren-the-gioi-da-tu-vong-119299\">bệnh nhân David Bennett</a>, 57 tuổi. Người này sống sót được hai tháng với nội tạng mới, sau đó qua đời vì bị nhiễm virus lợn.</p><p>Theo bác sĩ phẫu thuật Muhammad Mohiuddin, người trực tiếp tham gia kíp mổ, đối với bệnh nhân Bennett, bệnh viện dự kiến phân tích sâu rộng để xác định các yếu tố có thể ngăn ngừa được trong các ca cấy ghép tương lai. Điều này cho phép các chuyên gia có thêm kiến thức và kinh nghiệm ở lĩnh vực xenotrans.</p><p>Gần đây, NYU Langone Health đã ghép thành công một quả thận lợn vào bệnh nhân chết não thông qua quy trình chỉnh sửa gene tương tự.</p>','images/1698809528.jpg','Ngày 1/11, Trung tâm Y tế Đại học Maryland thông báo người thứ hai được ghép tim lợn trên thế giới đã qua đời.',4,4,'published','2023-10-31 20:32:08','2023-11-02 19:01:12'),(26,'Lịch âm và lịch dương khác nhau như thế nào?','<p><strong>Như mọi người đã biết thì lịch âm là một phần quan trọng trong nền văn hóa truyền thống của các quốc gia Đông Á. </strong>Nước ta đang sử dụng song song 2 lịch là lịch âm và lịch dương. Vậy điểm khác nhau giữa lịch âm và lịch dương là gì, tại sao lịch âm lại quan trọng ở nước ta? Hãy cùng tìm hiểu ngay sau đây nhé.</p><h2><strong>Lịch âm là gì? Điểm khác nhau giữa lịch âm và lịch dương</strong></h2><p><strong>Lịch âm (hay còn được gọi là lịch âm lịch hoặc lịch nguyên) </strong>là một hệ thống lịch được sử dụng ở nhiều nền văn hóa tại các quốc gia châu Á như Trung Quốc, Việt Nam, Hàn Quốc, Nhật Bản,... Lịch âm được tính toán dựa trên vòng lặp của Mặt trăng khi quay quanh Trái đất và các yếu tố thiên văn khác để đo thời gian và xác định các ngày lễ, ngày tốt xấu và các sự kiện quan trọng trong năm.</p><p>Lịch âm là hệ thống lịch được sử dụng ở nhiều nền văn hóa tại các quốc gia châu Á.</p><p><strong>Điểm khác nhau giữa lịch âm và lịch dương chính là:</strong></p><ul><li><strong>Cơ sở đo lường thời gian</strong>: Lịch âm đo thời gian theo chu kỳ quay của Mặt trăng quanh Trái đất. Còn lịch dương xác định dựa vào chu kỳ quay của Trái đất quanh mặt trời.</li><li><strong>Số lượng ngày trong năm</strong>: Với lịch âm thì sẽ có 354 hoặc 355 ngày trong một năm còn lịch dương sẽ là 356 hoặc 366 ngày trên năm.</li><li><strong>Số ngày trong tháng</strong>: Số ngày trong lịch dương sẽ là 30-31 ngày và 28-19 ngày trong tháng 2. Còn với lịch âm sẽ là 29 (tháng thiếu) và 30 ngày (tháng đủ).</li><li><strong>Ngày tốt và ngày xấu</strong>: Lịch dương sẽ không có sự phân biệt ngày tốt và ngày xấu. Còn với lịch âm thì sẽ dựa vào những yếu tố thiên văn và quan niệm truyền thống để chia ra các ngày tốt, ngày xấu và ngày bình thường.</li><li><strong>Ngày lễ</strong>: Cả lịch dương và lịch âm đều có các ngày lễ trong năm. Ở nước ta, các ngày lễ của lịch âm rất được xem trọng, là bản sắc văn hóa riêng biệt của quốc gia.</li></ul><p><strong>Hiện nay, nước ta sử dụng đồng thời cả hai lịch là lịch âm và lịch dương</strong>. Lịch âm sẽ phục vụ cho các truyền thống văn hóa dân gian và lịch dương phục vụ cho cuộc sống, công việc, học tập hàng ngày.</p><h2><strong>Tại sao lịch âm lại quan trọng trong văn hóa Việt Nam?</strong></h2><p>Nếu như lịch dương chỉ là một công cụ để xác định thời gian thì lịch âm lại chiếm vai trò rất quan trọng trong văn hóa nước ta bởi vì:</p><ul><li><strong>Lịch âm giúp xác định các ngày lễ truyền thốn</strong>g, như Tết Nguyên Đán, Tết Trung Thu và nhiều ngày lễ khác trong năm.</li><li><strong>Dễ dàng xem và định ra được ngày nào là ngày tốt</strong>, ngày nào là ngày xấu để thực hiện các công việc liên quan đến truyền thống như cất nhà, cưới hỏi, khai trương,...</li><li><strong>Giúp xác định tuổi các xu hướng cá nhân liên quan</strong>, tính toán và chọn ra tuổi hợp, không hợp cho mình.</li><li><strong>Theo dõi các chu kỳ trong năm</strong>, sự thay đổi của Mặt trăng liên quan đến những sự thay đổi thời tiết ảnh hưởng đến mùa màng.</li></ul><p>Cho đến thời điểm hiện tại, lịch âm vẫn được xem là lịch chính ở nước ta. Mặc dù nhiều lớp trẻ đã và đang làm việc hàng ngày với lịch dương nhưng vẫn thường xuyên theo dõi lịch âm để chờ đón những ngày lễ trọng đại trong năm.</p>','images/1698809599.jpg','Như mọi người đã biết thì lịch âm là một phần quan trọng trong nền văn hóa truyền thống của các quốc gia Đông Á. Nước ta đang sử dụng song song 2 lịch là lịch âm và lịch dương. Vậy điểm khác nhau giữa lịch âm và lịch dương là gì, tại sao lịch âm lại quan trọng ở nước ta? Hãy cùng tìm hiểu ngay sau đây nhé.',3,4,'published','2023-10-31 20:33:13','2023-10-31 20:33:19'),(27,'Nhà khoa học Trung Quốc trình diễn khả năng \"tàng hình\" bằng vật liệu đặc biệt','<p>Tại một sự kiện về siêu khoa học của nền tảng mạng xã hội chia sẻ clip bilibili ở Trung Quốc tổ chức tối 28/10, ông Chử Quân Hạo, Viện sĩ Viện Khoa học, đồng thời là nhà vật lý hồng ngoại của Trung Quốc đã trình diễn <strong>khả năng “tàng hình” </strong>khiến đôi chân của ông biến mất với sự trợ giúp của một loại vật liệu ma thuật có tên <strong>“Cách tử dạng thấu kính” (hay lưới dạng thấu kính)</strong>, khiến khán giả trầm trồ thán phục.</p><p>Vật liệu này gồm các hàng thấu kính lồi hình trụ nhỏ, khiến ánh sáng khúc xạ đều đặn có quy luật. Mỗi thấu kính lồi hình trụ nén vật thể phía sau thành một dải mỏng, khiến nó dường như vô hình, từ đó đạt được <strong>hiệu ứng “tàng hình” về mặt thị giác.</strong></p><p>Phát biểu tại đây, ông cho rằng: <i>“Dù ở đời thực hay trong thế giới động vật tự nhiên, đều có rất nhiều phép tàng hình. Đây không phải là phép thuật, mà là một phương pháp khoa học. Trong tương lai, áo choàng tàng hình của Harry Potter sẽ trở thành vật dụng thường ngày trong tủ đồ\".</i></p><p>Ngoài phương pháp trên, <strong>Viện sĩ Chử Quân Hạo</strong> còn chứng minh một cách tàng hình khác - <strong>sử dụng hai chất có chiết suất tương tự nhau</strong>. Ví dụ, chỉ số khúc xạ của thủy tinh borosilicate cao và glycerin là tương tự nhau, khi một vật thể làm bằng thủy tinh borosilicate cao di chuyển trong glycerin, nó cũng có thể đạt được hiệu ứng tàng hình. Phương pháp này thậm chí mở ra nhiều khả năng hơn và cho thấy sự kỳ diệu của công nghệ tàng hình.</p><p>Theo chuyên gia này, đây thực chất là một trong những nguyên lý để hiện thực hóa <i>“áo choàng vô hình”</i>, khi vải của quần áo và chỉ số khúc xạ không khí bằng nhau, con người có thể tự do <i>“tàng hình” </i>sau khi mặc nó.</p><p>Ông cũng cho biết thêm, những khám phá đi đầu về “tàng hình” hiện nay không chỉ có thể tránh được mắt thường, mà còn tránh được sự giám sát của tia hồng ngoại.</p><p>Ông Chử Quân Hạo cho rằng, trong tương lai, cùng với sự hoàn thiện dần của công nghệ và <i>“siêu vật liệu”</i>, khả năng<i> “tàng hình”</i> trong các tác phẩm khoa học viễn tưởng sẽ dần trở thành hiện thực. Nhiều thiết bị <i>“tàng hình” </i>có thể thay đổi cuộc sống của con người, như những căn phòng vô hình với sự riêng tư tốt hơn và máy trợ thính vô hình.</p><p>Tuy nhiên, bên cạnh việc hào hứng đón nhận phát kiến mới, nhiều cư dân mạng Trung Quốc cũng ái ngại khi công nghệ này rơi vào tay tội phạm và mong muốn luật pháp được kiện toàn để ngăn chặn những tình huống tương tự xảy ra.</p>','images/1698809724.jpg','Tại một sự kiện về siêu khoa học của nền tảng mạng xã hội chia sẻ clip bilibili ở Trung Quốc tổ chức tối 28/10, ông Chử Quân Hạo, Viện sĩ Viện Khoa học, đồng thời là nhà vật lý hồng ngoại của Trung Quốc đã trình diễn khả năng “tàng hình” khiến đôi chân của ông biến mất với sự trợ giúp của một loại vật liệu ma thuật có tên “Cách tử dạng thấu kính” (hay lưới dạng thấu kính), khiến khán giả trầm trồ thán phục.',6,4,'published','2023-10-31 20:35:18','2023-11-02 19:00:14'),(28,'Giải mã \"thế lực\" đã tuyệt diệt loài khủng long','<p>Khoảng 66 triệu năm trước đây, Chicxulub - một tiểu hành tinh lớn hơn núi Everest - đã va vào Trái đất, xóa sổ tới 3/4 sự sống trên hành tinh này, trong đó có loài khủng long. Đó là điều chúng ta thường được nghe về nguyên nhân khủng long tuyệt chủng. Thế nhưng, mức độ tác động cụ thể của vụ va chạm này vẫn còn là vấn đề gây tranh luận.</p><p><strong>Giả thuyết hàng đầu mới đây là lưu huỳnh từ vụ va chạm hoặc muội than từ các đám cháy rừng</strong> trên toàn cầu đã che kín bầu trời, khiến thế giới chìm trong mùa đông tăm tối kéo dài và chỉ có vài loài vật may mắn sống sót. Tuy nhiên, một nghiên cứu công bố trên tạp chí Nature Geoscience ngày 30/10 đã củng cố giả thuyết trước đó rằng: Mùa đông chết chóc hình thành bởi bụi bốc lên từ cú va chạm tiểu hành tinh. Theo các nhà khoa học, <strong>bụi silicate mịn</strong> từ đá bị nghiền vụn có thể lưu lại trong khí quyển 15 năm, dẫn đến nhiệt độ toàn cầu giảm tới 15 độ C.</p><p>Trước đó, vào năm 1980, hai cha con nhà khoa học Luis và Walter Alvarez là những người đầu tiên nêu giả thuyết khủng long bị tuyệt chủng sau vụ va chạm tiểu hành tinh khiến bụi bao phủ khắp thế giới. Giả thuyết của họ đã vấp phải nhiều ý kiến hoài nghi, mãi cho tới một thập kỷ sau đó, khi phát hiện miệng núi lửa Chicxulub khổng lồ trên bán đảo Yucatan ở vịnh Mexico. Hiện nay, phần lớn giới khoa học đồng ý rằng <i>\"thủ phạm\"</i> chính khiến khủng long tuyệt chủng là tiểu hành tinh Chicxulub.</p><p>Tuy nhiên, nhà nghiên cứu Ozgur Karatekin làm việc tại Đài quan sát Hoàng gia Bỉ cho biết trong những năm gần đây, có nhiều ý kiến cho rằng không phải bụi mà lưu huỳnh mới chính là tác nhân gây ra mùa đông chết chóc. Các nhà khoa học lập luận rằng bụi từ vụ va chạm có kích thước không phù hợp lưu lại trong khí quyển đủ lâu để dẫn đến hiện tượng trên. Trong nghiên cứu này, nhóm chuyên gia quốc tế có thể đo hạt bụi xuất hiện ngay sau vụ va chạm tiểu hành tinh. Các hạt bụi được tìm thấy ở <strong>di chỉ hóa thạch Tanis</strong> tại bang Bắc Dakota của Mỹ.</p><p>Mặc dù nằm cách miệng núi lửa Chicxulub 3.000km, nhưng di chỉ này vẫn bảo tồn được một số dấu tích và mẫu vật đáng chú ý, được cho là có niên đại từ ngay sau vụ va chạm của tiểu hành tinh, trong lớp trầm tích của hồ nước cổ đại. Theo các nhà khoa học, các hạt bụi có kích thước 0,8 - 8 micromet - vừa đủ để có thể tồn tại lơ lửng trong khí quyển tới 15 năm.</p><p>Khi nhập dữ liệu vào mô hình khí hậu dùng cho Trái đất ngày nay, nhóm nghiên cứu xác định có thể <strong>bụi đóng vai trò lớn hơn trong sự kiện đại tuyệt chủng so với suy đoán trước đây.</strong> Trong số tất cả vật liệu bị tiểu hành tinh đẩy vào khí quyển, họ ước tính có 75% là bụi, 24% là lưu huỳnh và 1% là muội than. Theo nhà khoa học Karatekin, hạt bụi ngăn chặn hoàn toàn hiện tượng quang hợp ở thực vật trong ít nhất một năm, khiến sự sống sụp đổ.</p>','images/1698809788.jpg','Khoảng 66 triệu năm trước đây, Chicxulub - một tiểu hành tinh lớn hơn núi Everest - đã va vào Trái đất, xóa sổ tới 3/4 sự sống trên hành tinh này, trong đó có loài khủng long. Đó là điều chúng ta thường được nghe về nguyên nhân khủng long tuyệt chủng. Thế nhưng, mức độ tác động cụ thể của vụ va chạm này vẫn còn là vấn đề gây tranh luận.',7,4,'published','2023-10-31 20:36:28','2023-11-02 19:03:59'),(29,'Vệ tinh \"xác sống\" bị bỏ hoang gần nửa thế kỷ bất ngờ gửi tín hiệu về Trái đất','<p><strong>Sau 45 năm không hoạt động, LES-1 bất ngờ tự gửi tín hiệu về Trái đất, khiến nó trở thành một trong những vệ tinh \"xác sống\" lâu đời nhất</strong>.</p><p>Vào tháng 3 năm 2012, người đam mê sóng vô tuyến nghiệp dư người Anh Phil Williams đã phát hiện ra một tín hiệu mạnh và đều đặn từ không gian gần&nbsp;Trái đất&nbsp;khi sử dụng thiết bị vô tuyến của riêng mình để theo dõi <strong>tín hiệu vô tuyến từ không gian có tần số 237 MHz và lặp lại cứ sau 4 giây.</strong></p><p>Về phát hiện này, Phil Williams dựa vào cơ sở kiến thức của mình để kết luận rằng đây không phải là hiện tượng tự nhiên, sau khi phân tích, ông phát hiện ra rằng tín hiệu vô tuyến này từ không gian gần&nbsp;Trái đất&nbsp;thực chất là do một<strong> vệ tinh nhân tạo mang số hiệu \"LES-1\"</strong>&nbsp; gây ra.&nbsp;</p><p><strong>Điều khó tin là \"LES-1\" đã bị bỏ hoang gần nửa thế kỷ,</strong> nay nó đột nhiên gửi lại một tín hiệu, quả thực là không thể tin được. Mọi người sau đó đã nói về điều này rất nhiều, và một số thậm chí còn nói rằng vệ tinh đã được người ngoài hành tinh điều khiển và đã được kích hoạt lại nhằm gửi một loại thông điệp nào đó đến con người.</p><h2><strong>Vậy sự thật là gì?</strong></h2><p>Hồ sơ dữ liệu cho thấy<strong> \"LES-1\" là một vệ tinh liên lạc thử nghiệm liên kết với Phòng thí nghiệm Lincoln ở Hoa Kỳ.</strong> Nó được sử dụng để kiểm tra tác động của tầng điện ly đối với thông tin liên lạc vô tuyến trong không gian. Nó được phóng vào ngày 11 tháng 2 năm 1965.</p><p>Tuy nhiên, vệ tinh này đã không thể đi vào quỹ đạo đồng bộ theo kế hoạch mà thay vào đó nó đi vào quỹ đạo hình elip với độ cao khoảng 2.800km. Hơn nữa, trạng thái của vệ tinh trên quỹ đạo cũng không chính xác và bị mất kiểm soát.</p><p>Dù <i>\"LES-1\" </i>đã được phóng lên vũ trụ nhưng nó không thể hoạt động bình thường theo đúng kế hoạch, nên chỉ có thể trở thành một vệ tinh nhân tạo bị loại bỏ và nằm trên quỹ đạo&nbsp;Trái đất.&nbsp;Kể từ năm 1967, không có tín hiệu vô tuyến nào được thu từ vệ tinh này.</p><h2><strong>Sau 45 năm, tại sao \"LES-1\" bị loại bỏ có thể gửi tín hiệu vô tuyến trở lại&nbsp;Trái đất?</strong></h2><p>Sau khi tin tức về phát hiện của Phil Williams lan truyền, nó đã thu hút rất nhiều đài phát thanh nghiệp dư, tất cả đều xác nhận nguồn gốc của tín hiệu.&nbsp;Phòng thí nghiệm Lincoln ở Hoa Kỳ cũng rất ngạc nhiên sau khi biết tin này, sau khi xác nhận thêm, phòng thí nghiệm phát hiện ra rằng tín hiệu quả thực đến từ vệ tinh nhân tạo \"LES-1\" đã bị bỏ hoang trong nhiều năm.</p><p>Qua phân tích quỹ đạo của \"LES-1\" khi Phil Williams nhận được tín hiệu, các nhà khoa học cho rằng \"LES-1\" không phải bị người ngoài hành tinh cướp đi mà<strong> sở dĩ nó phát ra những tín hiệu lạ là do nó đã trải qua nhiều lần thay đổi quỹ đạo</strong>, độ cao quỹ đạo của \"LES-1\" đã giảm xuống hàng trăm km so với thời điểm ban đầu. <strong>Vào thời điểm này, \"LES-1\" nằm trong Vành đai bức xạ Van Allen.</strong></p><p><strong>Vành đai bức xạ Van Allen</strong> là vành đai bức xạ hạt năng lượng cao bao quanh&nbsp;Trái đất, được hình thành bởi các hạt tích điện năng lượng cao bị từ trường&nbsp;Trái đất&nbsp;bắt giữ. Nhà khoa học James Van Allen đã phát hiện ra sự tồn tại của nó vào năm 1958.&nbsp;Phần mạnh nhất của vành đai bức xạ hạt năng lượng cao này phân bố trên bầu trời ở khoảng cách từ một trăm đến hàng trăm km tính từ&nbsp;Trái đất.</p><p>Các nhà khoa học cho rằng khi các hạt tích điện năng lượng cao trong vành đai bức xạ Van Allen bắn phá<i> \"LES-1\"</i>, có thể điều này đã kích hoạt lại mạch phát tín hiệu của nó.&nbsp;Ngoài ra, các nhà khoa học suy đoán lý do khiến<i> \"LES-1\" </i>vẫn có thể phát ra tín hiệu có thể là do một số tấm pin Mặt trời bao phủ bề mặt đa diện của nó có thể vẫn đang tiếp tục hoạt động nhưng nguồn điện duy trì lại không đều.&nbsp;<strong>Tín hiệu từ</strong><i><strong> \"LES-1\"</strong></i><strong> lặp lại sau mỗi bốn giây, có lẽ là do nó liên tục bị sụt giảm.</strong></p><p>Trên thực tế, ngoài <i>\"LES-1\"</i>, tình huống tương tự cũng từng xảy ra với các vệ tinh khác trong loạt, ví dụ như người anh em<i> \"LES-5\" </i>của<i> \"LES-1\"</i> cũng được phát hiện đã phát ra tín hiệu nhiều năm sau khi nó bị loại bỏ, nhưng nó phát ra tín hiệu không kỳ lạ như <i>\"LES-1\".</i></p><p>\"LES-1\" vẫn có thể phát tín hiệu vô tuyến sau hơn 40 năm, điều thực sự đáng chú ý là một số bộ phận của vệ tinh vẫn có thể hoạt động trở lại sau nhiều năm.&nbsp;Tuy nhiên, các nhà khoa học không hài lòng về điều này, bởi “LES-1” giờ đây chỉ là rác vũ trụ vô dụng.&nbsp;</p><p>&nbsp;</p><p>Theo thông tin từ Văn phòng các vấn đề ngoài vũ trụ của Liên hợp quốc, kể từ khi phóng vệ tinh nhân tạo đầu tiên trên thế giới \"Sputnik 1\" từ Liên Xô vào ngày 4 tháng 10 năm 1957, số lượng vệ tinh nhân tạo được phóng lên vũ trụ cho đến nay là tổng con số đã lên tới hơn 16.000.&nbsp;Hiện tại, chỉ có gần 7.000 chiếc trong số đó vẫn còn hoạt động trong không gian, số còn lại đã bị loại bỏ và hầu hết chúng đã trở thành rác vũ trụ quay quanh&nbsp;Trái đất.</p><p>Với lượng rác vũ trụ ngày càng tăng, hiện tại không có cách nào tốt hơn để loại bỏ nó vì chi phí quá cao.&nbsp;Ngày nay, lượng rác vũ trụ ngày càng tăng do các hoạt động không gian của con người gây ra đã đe dọa sự phát triển của ngành công nghiệp vũ trụ của con người.&nbsp;Mặc dù nhiều cường quốc vũ trụ lớn đã thiết lập các hệ thống cảnh báo và theo dõi mảnh vỡ không gian, nhưng lượng rác vũ trụ quá lớn vẫn là mối đe dọa tiềm tàng đối với các tàu vũ trụ và phi hành gia quay quanh quỹ đạo.</p>','images/1698987770.jpg','Sau 45 năm không hoạt động, LES-1 bất ngờ tự gửi tín hiệu về Trái đất, khiến nó trở thành một trong những vệ tinh \"xác sống\" lâu đời nhất.',5,2,'published','2023-11-01 19:45:07','2023-11-02 22:02:50'),(31,'Chờ đón hai trận mưa sao băng trong tháng 11','<p>Đêm 4/11, một trận sao băng nhỏ có thể xuất hiện trên bầu trời. Sau đó, khoảng đêm 17 rạng sáng ngày 18, người yêu thiên văn có cơ hội chiêm ngưỡng thêm một trận mưa sao băng lớn hơn.</p><p>Vào <strong>đêm 4/11</strong>, người yêu thiên văn có cơ hội chiêm ngưỡng <a href=\"https://khoahoc.tv/sao-choi-quai-vat-vo-tan-lien-tuc-de-doa-trai-dat-116335\">mưa sao băng Taurids</a>, một trận mưa sao băng nhỏ với khoảng 5-10 sao băng mỗi giờ.</p><p>Mưa sao băng Taurids diễn ra hàng năm từ ngày 7/9 đến ngày 10/12, đạt cực đại vào đêm ngày 4 tháng 11.</p><p>Điểm đặc biệt là mưa sao băng Taurids là sự xuất hiện của hai chùm riêng biệt. Chùm thứ nhất được tạo ra bởi các<strong> hạt bụi do Tiểu hành tinh 2004 TG10 để lại</strong>. Chùm thứ hai hình thành bởi các mảnh vụn do <strong>sao chổi 2P Encke</strong>.</p><p>Thời điểm cực đại của mưa sao băng Taurids năm nay trùng với thời kỳ bán nguyệt nên việc quan sát có thể bị ảnh hưởng. Tuy nhiên, nếu kiên nhẫn và gặp điều kiện thời tiết thích hợp, người yêu thiên văn vẫn có thể chiêm ngưỡng được những sợi băng dài và đẹp.</p><p>Sau mưa sao băng Taurids, người yêu thiên văn có thể chiêm ngưỡng mưa sao băng Leonids.</p><p>Được hình thành bởi các hạt bụi do <strong>sao chổi Tempel-Tuttle</strong> để lại, <a href=\"https://khoahoc.tv/thoi-diem-quan-sat-tot-nhat-tran-mua-sao-bang-leonids-o-viet-nam-76538\">mưa sao băng Leonids</a><strong>&nbsp;</strong>diễn ra hàng năm từ ngày 6-30/11, đạt cực đại vào đêm 17 rạng sáng ngày 18 với khoảng 15 vệt sao băng mỗi giờ.</p><p>Thời điểm quan sát mưa sao băng Leonids năm nay trùng với thời điểm trăng lưỡi liềm nên điều kiện quan sát khá thuận lợi.</p><p>Thời điểm quan sát các trận mưa sao băng tốt nhất là sau nửa đêm, chọn nơi quang đãng, ít ánh sáng đèn và ô nhiễm không khí.<strong> Lưu ý, xem thời tiết nếu có ý định quan sát.</strong></p><figure class=\"table\"><table><tbody><tr><td><strong>Mưa sao băng l</strong>à hiện tượng thiên văn thường gặp hơn so với nhiều hiện tượng thiên văn khác. Mỗi năm người yêu thiên văn có cơ hội chiêm ngưỡng hơn chục trận mưa sao băng. Trong đó,<strong> lớn nhất là mưa sao băng Perseids</strong> diễn vào tháng 8 hàng năm và <strong>mưa sao băng Geminids</strong> diễn ra vào tháng 12 hàng năm. Thời điểm cực đại, hai trận mưa sao băng này có thể đạt 60-80 vệt sao băng/giờ.</td></tr></tbody></table></figure>','images/1698976377.jpg','Đêm 4/11, một trận sao băng nhỏ có thể xuất hiện trên bầu trời. Sau đó, khoảng đêm 17 rạng sáng ngày 18, người yêu thiên văn có cơ hội chiêm ngưỡng thêm một trận mưa sao băng lớn hơn.',5,2,'draft','2023-11-02 18:52:46','2023-11-02 18:52:57'),(32,'Các nhà khoa học Mỹ thừa nhận dự đoán sai về chu kỳ Mặt trời','<p>Trung tâm Dự báo thời tiết không gian của Cơ quan Khí quyển và Đại dương quốc gia Mỹ (NOAA) đưa ra<i> \"dự đoán đã điều chỉnh\"</i> về chu kỳ Mặt trời hiện tại.</p><p>Theo đó, <strong>cực đại Mặt trời&nbsp;sắp tới sẽ đến sớm hơn và bùng nổ hơn dự đoán ban đầu.</strong></p><p>Với động thái này,<strong> </strong>các nhà khoa học dự báo thời tiết Mặt trời cuối cùng phải thừa nhận rằng <strong>dự đoán trước đây của họ về chu kỳ Mặt trời đã sai</strong>, theo trang <i>Live Science</i>.</p><p>Mặt trời liên tục thay đổi, một chu kỳ Mặt trời kéo dài khoảng 11 năm. <i>\"Ngôi sao chủ\"</i> của chúng ta quay vòng từ thời kỳ yên tĩnh, được gọi là<strong> cực tiể</strong>u, đến đỉnh điểm hoạt động của nó được gọi là <strong>cực đại.</strong></p><p><strong>Chu kỳ hiện tại của Mặt trời là chu kỳ 25</strong>, chính thức bắt đầu vào đầu năm 2019. Vào thời điểm đó, Trung tâm Dự báo thời tiết không gian (SWPC) của NOAA - một hội đồng chuyên gia gồm các nhà khoa học của NOAA và NASA - dự đoán chu kỳ 25 sẽ đạt đỉnh điểm vào một thời điểm nào đó trong năm 2025.&nbsp;</p><p>Ở điểm cực đại này, Mặt trời sẽ hoạt động kém hơn so với các chu kỳ trung bình và giống chu kỳ Mặt trời 24.</p><p>Tuy nhiên, các nhà khoa học năng lượng Mặt trời khác sớm nhận ra rằng,<strong> Mặt trời không như dự đoán của SWPC và các cuộc tranh luận đã diễn ra suốt năm qua.&nbsp;</strong></p><p>Cuối cùng, SWPC phải thừa nhận rằng những ước tính ban đầu của họ<i> \"không còn đủ tin cậy đối với khách hàng của SWPC\",</i> chẳng hạn như các&nbsp;công ty vệ tinh&nbsp;và thám hiểm không gian tư nhân.</p><p>Bản cập nhật mới nêu rõ rằng, <i>“hoạt động của Mặt trời sẽ tăng nhanh hơn và đạt cực đại ở mức cao hơn”</i> so với dự đoán ban đầu. <strong>Cực đại của Mặt trời sẽ bắt đầu từ tháng 1 đến tháng 10-2024.</strong></p><p>Để tránh sai sót thêm về phần còn lại của chu kỳ Mặt trời 25,<strong> lần đầu tiên trong lịch sử của mình, SWPC sẽ chuyển sang hệ thống dự báo linh hoạt hơn.</strong> Hệ thống này sẽ được cập nhật vào đầu mỗi tháng.</p><p>Một số dấu hiệu trong năm 2023 tiết lộ cực đại Mặt trời sẽ đến sớm hơn và hoạt động mạnh hơn dự kiến, bao gồm: xuất hiện đỉnh điểm vết đen Mặt trời, các tia sáng Mặt trời lớn loại X, hiện tượng cực quang rộng rãi ở vĩ độ thấp hơn và nhiệt độ tăng cao ở bầu khí quyển phía trên.</p><p>Ngoài ra, còn có sự xuất hiện của các vệt ánh sáng, được gọi là <strong>ánh sáng không khí</strong> và sự biến mất của các đám mây dạ quang chiếu sáng ban đêm.</p>','images/1698976493.jpg','Trung tâm Dự báo thời tiết không gian của Cơ quan Khí quyển và Đại dương quốc gia Mỹ (NOAA) đưa ra \"dự đoán đã điều chỉnh\" về chu kỳ Mặt trời hiện tại.',5,2,'published','2023-11-02 18:54:45','2023-11-02 18:54:53'),(33,'HLV Troussier có quyết định đáng chờ đợi tại ĐT Việt Nam','<p>Bản danh sách này vẫn bao gồm những trụ cột quan trọng như Đặng Văn Lâm, Quế Ngọc Hải, Đỗ Duy Mạnh, Đỗ Hùng Dũng, Nguyễn Hoàng Đức,... và một số nhân tố trẻ nổi bật như Nguyễn Thái Sơn, Võ Minh Trọng, Nguyễn Đình Bắc, Hồ Văn Cường,...</p><p>Đáng chú ý, HLV Troussier gây bất ngờ khi gọi trở lại một số cựu binh là hậu vệ Vũ Văn Thanh, Phạm Xuân Mạnh và tiền đạo Nguyễn Văn Quyết.</p><p>HLV Philippe Troussier có quyết định hợp lý trong bản danh sách triệu tập ĐT Viêt Nam hướng đến Vòng loại thứ hai World Cup 2026.Trong ngày 2/11, HLV Philippe Troussier đã công bố danh sách triệu tập 32 cầu thủ ĐT Việt Nam chuẩn bị cho 2 trận đầu tiên tại Vòng loại thứ hai World Cup 2026, gặp Philippines và Iraq.Đây được xem là điểm nổi bất đáng chờ đợi trong danh sách ĐT Việt Nam lần này, khi cả ba cái tên nói trên đều đang có phong độ cao và có kinh nghiệm dày dặn.Trong đó, cả Văn Thanh và Xuân Mạnh đều là hai cầu thủ có thể chơi tốt ở hành lang cánh phải - vị trí được xem là mắt xích còn yếu của ĐT Việt Nam hiện tại.Xuân Mạnh kể từ khi chuyển sang Hà Nội FC đã đóng vai kép chính bên hành lang phải của đội bóng thủ đô. Lối chơi máu lửa, giàu sức chiến đấu của hậu vệ xứ Nghệ được đánh giá rất cao.Dưới thời HLV tiền nhiệm Park Hang Seo, Xuân Mạnh là lựa chọn ưa thích nhờ nên tảng thể lực sung mãn. Không chỉ phòng ngự tốt, khả năng lên hỗ trợ tấn công của cầu thủ này cũng rất đáng nể. Ở trận ra quân của Hà Nội FC tại V-League 2023/24 gặp Hải Phòng, chính Xuân Mạnh là người có pha dâng cao và tạt bóng như đặt để ngoại binh Tagueu đánh đầu ghi bàn đầu tiên. Bên cạnh đó, hậu vệ trưởng thành từ SLNA còn sút xa rất tốt.Phạm Xuân Mạnh từng được HLV Troussier gọi lên ĐT Việt Nam ở đợt FIFA Days tháng 6/2023 và được ra sân ở trận giao hữu gặp Hong Kong. Sự trở lại lần này của \"người không phổi\" hứa hẹn sẽ giúp hành lang cánh phải của ĐT Việt Nam chơi nổi bật hơn.Theo kế hoạch, ĐT Việt Nam sẽ tập luyện tại Trung tâm đào tạo bóng đá trẻ Việt Nam từ ngày 6/11 cho đến ngày 13/11 sẽ lên đường sang Manila (Philippines) để thi đấu trận ra quân, diễn ra trên sân Rizal Memorial vào ngày 16/11.Kết thúc trận đấu này, thầy trò HLV Philippe Troussier sẽ trở về nước để chuẩn bị cho cuộc tiếp đón đội khách Iraq, diễn ra trên SVĐ Mỹ Đình vào ngày 21/11.</p>','images/1698978095.jpg','Bản danh sách này vẫn bao gồm những trụ cột quan trọng như Đặng Văn Lâm, Quế Ngọc Hải, Đỗ Duy Mạnh, Đỗ Hùng Dũng, Nguyễn Hoàng Đức,... và một số nhân tố trẻ nổi bật như Nguyễn Thái Sơn, Võ Minh Trọng, Nguyễn Đình Bắc, Hồ Văn Cường,...',1,2,'published','2023-11-02 19:07:04','2023-11-02 19:21:35'),(34,'Các thương hiệu xa xỉ xóa hình ảnh Lisa','<p>Hãng Bulgari, Celine xóa hình ảnh ca sĩ Lisa khỏi nền tảng mạng xã hội Weibo, Trung Quốc.</p><p>Theo <i>Ifeng,</i> mọi video, ảnh lẫn tên của người đẹp Thái Lan hiện không tồn tại trên <i>Weibo</i> của Bulgari, Celine - hai thương hiệu mà cô làm đại sứ. Trên Instagram, Bulgari cũng xóa loạt bài đăng liên quan Lisa từ tháng 6 đến nay, giữ lại hình ảnh cô chụp cùng các đại sứ của thương hiệu.</p><p>Jean-Christophe Babin - CEO hãng Bulgari - vốn liên tục đăng hình, video Lisa và <a href=\"https://vnexpress.net/lisa-co-gai-thai-khuynh-dao-lang-giai-tri-4641851.html\">ca ngợi</a> cô. Song hiện nhiều bài không còn hiển thị trên Instagram của ông. Ngày 2/11, không ít khán giả bình luận trên tài khoản của Jean-Christophe Babin, hỏi ông lý do xóa hình ảnh ca sĩ. Các fan cũng thắc mắc các nhãn hàng chấm dứt hợp đồng với Lisa hay không.</p><p>Trước đó, hôm 1/11, tài khoản Weibo và fanpage của Lisa tại Trung Quốc <a href=\"https://vnexpress.net/tai-khoan-mang-xa-hoi-cua-lisa-o-trung-quoc-bi-xoa-so-4671743.html\">bị xóa sổ</a> với lý do \"bị tố cáo vi phạm pháp luật, quy định của nền tảng\". Những động thái trên được cho liên quan việc Lisa trình diễn show thoát y ở câu lạc bộ 18+ Crazy Horse, Pháp. Từ khi công bố tham gia show, Lisa gây tranh cãi trên mạng xã hội. Hàng triệu người cho rằng người của công chúng có sức ảnh hưởng lớn, việc cô diễn ở đây gây ảnh hưởng tiêu cực tới tư duy, lối suy nghĩ và cách đánh giá sự việc của học sinh. Họ lo ngại các trẻ em gái cảm thấy \"<a href=\"https://vnexpress.net/vu-dao-cua-lisa-bi-nhan-xet-tinh-duc-hoa-phu-nu-4659702.html\">cởi đồ mua vui</a> cho người khác là điều vinh hạnh\", bởi Lisa đã làm như vậy.</p><p>Tuy vậy, luồng ý kiến khác cho rằng các show của Lisa chỉ mang tính giải trí đơn thuần, cô ở độ tuổi phù hợp để thể hiện bản thân, làm điều mình muốn. Đông đảo fan bênh vực người đẹp tự do thể hiện bản thân.</p><p>Liên quan sự việc, hai diễn viên Trung Quốc Angelababy và Trương Gia Nghê cũng <a href=\"https://vnexpress.net/angelababy-lao-dao-vi-xem-show-thoat-y-cua-lisa-4671959.html\">bị tẩy chay</a> do xem show của Lisa. Họ bị cấm phát ngôn, bình luận trên mạng xã hội. Một tháng qua, cả hai không xuất hiện công khai. Nhiều blogger giải trí cho rằng Angelababy và Trương Gia Nghê vi phạm điều lệ với người hoạt động lĩnh vực biểu diễn do cơ quan chức năng quy định, trong đó có quy định nghệ sĩ không được phép tổ chức, tham dự, quảng bá cho chương trình gợi dục, đồi trụy. Tại Trung Quốc, múa thoát y bị xếp vào \"biểu diễn đồi trụy\".</p><p><a href=\"https://vnexpress.net/chu-de/lisa-3659\">Lisa</a> (tên thật Lalisa Manoban) sinh ở Thái Lan, hoạt động chủ yếu ở Hàn Quốc trong nhóm Blackpink. Ca sĩ có lượng fan lớn trên thế giới, với gần 100 triệu người theo dõi trên <i>Instagram.</i> Theo YouGov - công ty phân tích dữ liệu và nghiên cứu thị trường dựa trên Internet quốc tế, trụ sở ở Anh, năm 2021 Lisa xếp thứ 17 trong danh sách 20 phụ nữ được ngưỡng mộ nhất thế giới.</p>','images/1698977357.jpg','Hãng Bulgari, Celine xóa hình ảnh ca sĩ Lisa khỏi nền tảng mạng xã hội Weibo, Trung Quốc.',2,2,'published','2023-11-02 19:09:17','2023-11-02 19:09:17'),(35,'Lục địa mất tích từ hàng trăm triệu năm trước tái xuất ở Đông Nam Á','<p><strong>Các nhà địa chất tiết lộ bí ẩn về lục địa Argoland đã biến mất từ hàng trăm triệu năm trước. \"Di tích\" của nó ngày nay nằm rải rác khắp Đông Nam Á.</strong></p><p>Khám phá mới này đã làm sáng tỏ động lực kiến tạo lục địa, giúp chúng ta hiểu được những tác&nbsp;động địa chất trong quá khứ đối với đa dạng sinh học và khí hậu.</p><p>Hiểu về hành tinh chúng ta sinh sống và lịch sử địa chất phức tạp của nó là điều rất quan trọng để giải mã các giai đoạn tiến hóa của Trái đất.</p><p>Mới đây, hai nhà địa chất Eldert Advokaat và Douwe van Hinsbergen liên kết với Đại học Utrecht (Hà Lan) đã có bước đột phá, giải mã bí ẩn về<strong> Argoland, một lục địa \"mất tích\" suốt 155 triệu năm.</strong></p><p>Trong quá khứ, Argoland từng gắn liền với Tây Úc, sau đó nó đã bị phân thành nhiều mảnh, phần còn lại của lục địa được tìm thấy rải rác khắp Đông Nam Á.</p><p>Khám phá quan trọng này mang đến một góc nhìn mới về các chuyển động kiến tạo trong quá khứ và hậu quả của chúng đối với đa dạng sinh học và khí hậu của hành tinh chúng ta.</p><p>Cách ngày nay 155 triệu năm, một mảnh lục địa dài 5.000km đã tách ra khỏi miền Tây Australia và trôi dạt trên đại dương. Đây không phải là một cú trượt địa chất đơn giản. <strong>Các lực kiến tạo đã kéo dài và đẩy Argoland ra khỏi vị trí ban đầu theo đúng nghĩa đen.</strong></p><p>Phân tích cấu trúc đáy biển, các nhà khoa học cho thấy, lục địa này chắc hẳn đã trôi dạt về hướng Tây Bắc, tới các đảo thuộc Đông Nam Á.</p><p>Tuy nhiên, không có lục địa lớn nào ẩn bên dưới những hòn đảo này, chỉ có tàn tích của những mảnh lục địa nhỏ được bao quanh bởi các lưu vực đại dương. Để so sánh, mặc dù Ấn Độ cũng trải qua sự tách biệt khỏi <a href=\"https://khoahoc.tv/dao-chim-o-australia-la-ket-qua-su-thay-doi-cua-sieu-luc-dia-gondwana-36188\">siêu lục địa Gondwana</a> nhưng nước này không bị chia cắt dữ dội như Argoland.</p><p>Để hiểu chuyện gì đã xảy ra với Argoland, các nhà địa chất đã xác định một khoảng trống rộng lớn dưới nước được gọi là Đồng bằng Abyssal Argo, manh mối chính cho sự hiện diện trong quá khứ của lục địa bí ẩn này.</p><p>Khoảng trống được các nhà nghiên cứu khám phá là một vùng trũng sâu dưới đại dương, cho thấy sự vắng mặt của khối đất liền từng tồn tại.</p><h2><strong>Hành trình đi tìm Argoland</strong></h2><p>Dữ liệu ban đầu liên quan đến lục địa Argoland thôi thúc các nhà khoa học tìm kiếm bí ẩn này ở khu vực Đông Nam Á.&nbsp;</p><p>Nhà địa chất học, Eldert Advokaat và nhóm của ông từ Đại học Utrecht đã thực hiện các cuộc thám hiểm địa chất phần lớn ở hai quốc gia Indonesia và Myanmar.&nbsp;</p><p>Họ tìm thấy những mảnh vỡ, từng là một phần của lục địa rộng lớn. Chúng nằm rải rác và ẩn giấu dưới thảm thực vật tươi tốt, nó đặt ra một thách thức lớn: Làm thế nào để tái tạo lại một lục địa từ những mảnh đất rải rác này?</p><p>Nhóm nghiên cứu đã dành bảy năm vất vả cho nhiệm vụ. Mỗi mảnh vỡ được phát hiện đại diện cho một mảnh ghép bổ sung nhưng cũng mang đến những thách thức mới.</p><p>Không giống như các lục địa khác bị vỡ thành nhiều mảnh lớn, <strong>Argoland vỡ thành nhiều mảnh nhỏ. Sự phân mảnh này là điển hình của tiểu lục địa.</strong></p><p>Chưa bao giờ có một lục địa Argoland được phân định ranh giới rõ ràng và mạch lạc, mà là một <i><strong>\"Argopelago\"</strong></i> gồm các mảnh vi lục địa được ngăn cách bởi các lưu vực đại dương cũ hơn. Douwe van Hinsbergen tuyên bố: <i>\"Sự phân mảnh của Argoland bắt đầu từ 300 triệu năm trước\".</i></p><p>Câu đố đã được giải đáp hoàn toàn phù hợp giữa các hệ thống địa chất lân cận của dãy Himalaya và Philippines. Nghiên cứu này cũng giải thích tại sao Argoland lại bị phân mảnh như vậy: sự phân mảnh có thể đã tăng tốc vào thời điểm 215 triệu năm trước, khi lục địa này vỡ thành những mảnh mỏng.&nbsp;</p><p>Các nhà địa chất cũng đã tiến hành nghiên cứu thực địa trên một số hòn đảo, bao gồm Sumatra, Quần đảo Andaman, Borneo, Sulawesi và Timor, để kiểm tra mô hình của họ và xác định tuổi của các tầng đá chính.</p><h2><strong>Ý nghĩa của khám phá</strong></h2><p>Theo Eldert Advokaat, quỹ đạo và sự phân mảnh của Argoland có thể mang lại những manh mối có giá trị về điều kiện khí hậu của khu vực khi lục địa này vẫn còn tồn tại.</p><p>Các chuyển động kiến tạo ảnh hưởng đến dòng hải lưu, hoàn lưu khí quyển và do đó ảnh hưởng đến khí hậu. Hinsbergen, nhấn mạnh tầm quan trọng của việc tái khám phá này đối với sự hiểu biết toàn cầu về kiến tạo mảng.</p><p>Ngoài ra, nó cung cấp cái nhìn sâu sắc về cách các lục địa hình thành, di chuyển và cuối cùng biến mất cũng như cách các quá trình này ảnh hưởng đến đa dạng sinh học và sự phát triển của hệ sinh thái.</p>','images/1698978432.jpg','Các nhà địa chất tiết lộ bí ẩn về lục địa Argoland đã biến mất từ hàng trăm triệu năm trước. \"Di tích\" của nó ngày nay nằm rải rác khắp Đông Nam Á.',7,2,'published','2023-11-02 19:27:12','2023-11-02 19:27:12'),(36,'Những thiết kế vượt thời gian của Leonardo da Vinci','<p><strong>Leonardo da Vinci thường được mọi người biết đến là một họa sĩ thiên tài thời Phục hưng với những tác phẩm hội họa nổi tiếng như \"Mona Lisa\".</strong> Ngoài những tác phẩm nghệ thuật nổi tiếng, Leonardo còn là nhà phát minh vĩ đại với những ý tưởng vượt thời gian như: xe tự hành, súng liên thanh...</p><h2><strong>13 phát minh vĩ đại của Leonardo Da Vinci</strong></h2><ul><li><a href=\"https://khoahoc.tv/5-thiet-ke-vuot-thoi-gian-cua-leonardo-da-vinci-57679#mcetoc_1e97caoqn0\">Máy bay</a></li><li><a href=\"https://khoahoc.tv/5-thiet-ke-vuot-thoi-gian-cua-leonardo-da-vinci-57679#mcetoc_1e97caoqn1\">Máy bay trực thăng</a></li><li><a href=\"https://khoahoc.tv/5-thiet-ke-vuot-thoi-gian-cua-leonardo-da-vinci-57679#mcetoc_1e97caoqo2\">Xe bọc thép</a></li><li><a href=\"https://khoahoc.tv/5-thiet-ke-vuot-thoi-gian-cua-leonardo-da-vinci-57679#mcetoc_1e97caoqo3\">Bộ đồ lặn</a></li><li><a href=\"https://khoahoc.tv/5-thiet-ke-vuot-thoi-gian-cua-leonardo-da-vinci-57679#mcetoc_1gdffn61n3l\">Phương tiện không người lái</a></li><li><a href=\"https://khoahoc.tv/5-thiet-ke-vuot-thoi-gian-cua-leonardo-da-vinci-57679#mcetoc_1e97caoqo4\">\"Đàn organ\" liên thanh 33 nòng</a></li><li><a href=\"https://khoahoc.tv/5-thiet-ke-vuot-thoi-gian-cua-leonardo-da-vinci-57679#mcetoc_1gdffn61n3m\">Súng thần công 3 nòng</a></li><li><a href=\"https://khoahoc.tv/5-thiet-ke-vuot-thoi-gian-cua-leonardo-da-vinci-57679#mcetoc_1gdffn61n3n\">Súng thần công nạp từ phía sau</a></li><li><a href=\"https://khoahoc.tv/5-thiet-ke-vuot-thoi-gian-cua-leonardo-da-vinci-57679#mcetoc_1e97caoqo5\">Robot hình người</a></li><li><a href=\"https://khoahoc.tv/5-thiet-ke-vuot-thoi-gian-cua-leonardo-da-vinci-57679#mcetoc_1e97caoqo6\">Cây cầu di động</a></li><li><a href=\"https://khoahoc.tv/5-thiet-ke-vuot-thoi-gian-cua-leonardo-da-vinci-57679#mcetoc_1e97caoqo7\">Thành phố lý tưởng</a></li><li><a href=\"https://khoahoc.tv/5-thiet-ke-vuot-thoi-gian-cua-leonardo-da-vinci-57679#mcetoc_1e97caoqo8\">Hóa thạch động vật thân mềm</a></li><li><a href=\"https://khoahoc.tv/5-thiet-ke-vuot-thoi-gian-cua-leonardo-da-vinci-57679#mcetoc_1hea42vm311\">Nỏ khổng lồ</a></li></ul><h2><strong>Máy bay</strong></h2><p><strong>Leonardo da Vinci vẽ phác thảo cỗ máy biết bay dựa theo kiến thức giải phẫu học của loài chim và dơi. Đặc điểm nổi bật nhất trong thiết kế là đôi cánh khổng lồ kết nối với một khung gỗ. Phi công bên trong có thể nằm úp xuống và di chuyển đôi cánh lên xuống nhờ quay bộ phận tay quay, tạo ra sự chuyển động của chuỗi que và ròng rọc. Tuy nhiên, Da Vinci không thực hiện chế tạo thiết kế của mình ngoài thực tế. 400 năm sau, Wilbur và Orville Wright là người thực hiện thành công chuyến bay đầu tiên trên một chiếc máy bay vào năm 1903</strong></p>','images/1699002141.jpg','Các nhà khoa học hiện đại cho rằng, thiết kế \"máy bay trực thăng\" của Da Vinci được vận hành bởi 4 người đàn ông rất khó để bay lên khỏi mặt đất. Nhưng đây vẫn là một trong những ý tưởng nổi tiếng nhất của ông.',2,2,'published','2023-11-03 02:02:21','2023-11-03 02:02:21'),(37,'Thành phố duy nhất ở Trung Quốc không thể trồng được cây xanh','<p><strong>Ở Trung Quốc có 1 vùng đất nghìn năm không trồng được bất cứ cây xanh nào Lý do là bởi vì khí hậu và địa hình đặc trưng ở đây</strong>.</p><p>Từ xưa đến nay, Trung Quốc là đất nước có đất đai rộng lớn, sản vật phong phú. Địa hình Trung Quốc cao ở phía tây và thấp ở phía đông, phức tạp và đa dạng, địa hình thậm chí còn đa dạng hơn, núi, cao nguyên và đồi núi của Trung Quốc chiếm 67% diện tích đất liền, các lưu vực và đồng bằng chiếm 33%.</p><p>Nổi tiếng nhất là khu vực phía Tây Trung Quốc nơi có<strong> cao nguyên lớn nhất thế giới Thanh Hải -Tây Tạng,</strong> với độ cao trung bình hơn 4.000 mét, được mệnh danh là nóc nhà thế giới.</p><p><strong>Huyện Nagqu</strong> nằm ở Tây Tạng, giữa hai dãy núi nổi tiếng là <strong>Núi Tanggula và Núi Nyenchen Tanggula.</strong></p><p>Huyện Nagqu rộng 16.000km2 với khoảng 140.000 người sống. Đây là khu vực đa sắc tộc với hầu hết cư dân ở đây là người Tây Tạng, nhưng cũng có người Hán, người Hồi, người Mông Cổ, người Monba và các nhóm dân tộc khác.</p><p><strong>Địa hình huyện Nagqu rất dốc và hiểm trở</strong>, là địa hình cao nguyên và đồi núi, có nhiều sông núi, đồng thời còn có phong cảnh núi non phủ tuyết rất đẹp. Nơi đây cũng rất giàu tài nguyên sinh vật, tài nguyên khoáng sản và tài nguyên năng lượng.</p><p>Tài nguyên sinh vật ở huyện Nagqu bao gồm động vật hoang dã và dược liệu quý với 68 loài động vật hoang dã, 28 loài động vật có vú và 32 loài chim hoang dã, 189 loại thực vật sinh học, bao gồm đông trùng hạ thảo, fritillary, sen tuyết, rhodiola, v.v.</p><p>Ngoài ra, huyện Nagqu còn rất giàu tài nguyên năng lượng, bao gồm năng lượng địa nhiệt, năng lượng mặt trời và năng lượng gió, trong đó nguồn tài nguyên dồi dào nhất là thủy năng. Huyện Nagqu sở hữu thành nhà máy thủy điện lớn nhất ở miền bắc Tây Tạng.</p><h2><strong>Lý do khiến Nagqu không có cây</strong></h2><p>Huyện Nagqu nằm ở Tây Tạng, có độ cao trung bình trên 4.500 mét, phần nhiều <strong>đất ở đóng băng</strong> và<strong> gió thổi mạnh quanh năm</strong> <strong>nên không có cây cối mọc ở khu vực này.</strong></p><p>Huyện Nagqu từng được coi là khu vực duy nhất trong cả nước không có cây xanh.</p><p>Người dân Quận Henaqu cũng có mong muốn mãnh liệt là có một cây xanh lớn mọc lên ở nơi họ sinh sống.</p><p>Các nhà khoa học và nhà nghiên cứu hiện đại của Trung Quốc đã đến huyện Nagqu để tiến hành điều tra và nghiên cứu thực địa. <strong>Có ba lý do chính khiến không thể trồng cây ở nơi đây.</strong></p><p><strong>Đầu tiên</strong>, huyện Nagqu thuộc <strong>vùng khí hậu bán ẩm gió mùa cận Bắc Cực cao nguyên</strong>, có lượng mưa lớn và nhiệt độ rất thấp. Hơn nữa, huyện Nagqu có độ cao và nằm trong vùng Tây Tạng nên không có địa hình cách nhiệt tự nhiên.</p><p>Lượng mưa kéo dài và nhiệt độ thấp quanh năm đã dẫn đến hiện tượng đất đóng băng rất nghiêm trọng ở huyện Nagqu.</p><p>Ở những vùng có đất đóng băng, nước trong đất đóng băng và tan chảy liên tục theo mùa khiến rễ cây khó hấp thụ nước và chất dinh dưỡng.</p><p>Hơn nữa, nhiệt độ đất và lòng đất vẫn rất thấp, điều này trực tiếp dẫn đến khả năng vận chuyển nước của hệ thống rễ cây bị suy yếu và không có khả năng cung cấp lượng nước và chất dinh dưỡng cho phía trên. Hiện tượng này còn được gọi là hiện tượng mất nước sinh lý ở thực vật.</p><p>Khi cây bị mất nước sinh lý lâu ngày, nước và chất dinh dưỡng trong đất không được cây hấp thụ, trực tiếp dẫn đến thảm thực vật bị cạn kiệt và chết.</p><p><strong>Thứ hai,</strong> có một vấn đề rất khủng khiếp trong việc trồng cây ở huyện Nagqu, đó là<strong> tốc độ gió quanh năm cực cao và lượng oxy rất mỏng.</strong></p><p>Theo thống kê của cục khí tượng liên quan, huyện Nagqu quanh năm có khoảng 100 ngày nhiều gió, 100 ngày này nằm trong chu kỳ sinh trưởng của thảm thực vật.</p><p>Khu vực huyện Nagqu không có thảm thực vật để giảm tốc độ gió. Tốc độ gió mạnh trực tiếp tấn công cây con, khiến cây đổ ngã hoặc thậm chí bị bật gốc.</p><p><strong>Thứ ba,</strong> ngoài hai nguyên nhân trên, còn một nguyên nhân khác không thể bỏ qua, đó là <strong>khu vực Nagqu nằm ở độ cao lớn và hàm lượng oxy trong không khí cực kỳ loãng.</strong></p><p>Trong quá trình sinh trưởng, thực vật cũng cần rất nhiều oxy để nuôi dưỡng nhưng môi trường sinh trưởng ở huyện Nagqu không thể đáp ứng được nhu cầu sinh trưởng cơ bản của thực vật.</p><p>Nhìn toàn bộ khu vực huyện Nagqu,<strong> toàn bộ thảm thực vật chỉ là đồng cỏ và rải rác một vài bụi cây ngắn.</strong> Có thể thấy, những cây bụi nhỏ ở huyện Nagqu khó có thể đáp ứng được nhu cầu oxy.</p><p>Hơn nữa, khi trồng cây nhân tạo, khí hậu lạnh và lượng oxy loãng ở vùng núi cao gây trở ngại lớn cho công nhân trồng cây ở huyện Nagqu, khiến quá trình trở nên khó khăn hơn.</p><h2><strong>Tất cả các biện pháp trồng trọt được áp dụng</strong></h2><p>Sau khi tìm ra thành công nguyên nhân khiến cây không thể phát triển, người ta bắt đầu tập trung khắc phục hai khó khăn này để <strong>trồng cây nhân tạo.</strong></p><p>Một số lượng lớn các nhà nghiên cứu khoa học không ngừng cố gắng nhân giống một loại cây giống có khả năng chịu lạnh, chịu sương giá và thích hợp để sinh tồn trong nhiều môi trường khắc nghiệt khác nhau ở huyện Nagqu.</p><p>Nhưng các nhà khoa học dần dần phát hiện ra rằng, <strong>hầu hết cây cối ở Trung Quốc đều thích nghi với khí hậu cận nhiệt đới và ôn đới.</strong> Các nhà nghiên cứu khoa học đã thử trồng những cây con này, lúc đầu những cây này có lá và tràn đầy sức sống.</p><p>Nhưng sau đó chúng bị ảnh hưởng bởi lớp băng vĩnh cửu và sự tàn phá của gió mạnh. Các cây ngay lập tức bị chết cóng và khô héo ngay lập tức.</p><p>Các nhà nghiên cứu khoa học, hợp tác với Cục Lâm nghiệp Quận Nagqu đã đầu tư hàng triệu đô la vào các thử nghiệm trồng cây liên tục. Tuy nhiên, <strong>rất khó trồng cây ở vùng lạnh và vùng cao.</strong></p><p>Các nhà nghiên cứu khoa học tiếp tục thử nghiệm, đổi mới và áp dụng phương pháp nhét mền dày dưới hố cây để cách ly vải đất đóng băng một cách nhân tạo. Thậm chí còn có những phương pháp như đặt cây giống vào hố cát, phân gia súc và cừu để canh tác. Nhưng không ai trong số họ trồng thành công cây non ở huyện Nagqu.</p>','images/1699233805.jpg','Ở Trung Quốc có 1 vùng đất nghìn năm không trồng được bất cứ cây xanh nào Lý do là bởi vì khí hậu và địa hình đặc trưng ở đây.',7,2,'published','2023-11-05 18:23:25','2023-11-05 18:23:25');
/*!40000 ALTER TABLE `posts` ENABLE KEYS */;
UNLOCK TABLES;

--
-- Table structure for table `users`
--

DROP TABLE IF EXISTS `users`;
/*!40101 SET @saved_cs_client     = @@character_set_client */;
/*!50503 SET character_set_client = utf8mb4 */;
CREATE TABLE `users` (
  `id` bigint unsigned NOT NULL AUTO_INCREMENT,
  `username` varchar(255) COLLATE utf8mb4_unicode_ci NOT NULL,
  `password` varchar(255) COLLATE utf8mb4_unicode_ci NOT NULL,
  `email` varchar(255) COLLATE utf8mb4_unicode_ci NOT NULL,
  `email_verified_at` timestamp NULL DEFAULT NULL,
  `full_name` varchar(255) COLLATE utf8mb4_unicode_ci DEFAULT NULL,
  `avatar` varchar(255) COLLATE utf8mb4_unicode_ci DEFAULT NULL,
  `phone` varchar(255) COLLATE utf8mb4_unicode_ci DEFAULT NULL,
  `address` varchar(255) COLLATE utf8mb4_unicode_ci DEFAULT NULL,
  `sex` tinyint(1) DEFAULT NULL,
  `brith_day` datetime DEFAULT NULL,
  `level` varchar(255) COLLATE utf8mb4_unicode_ci DEFAULT NULL,
  `remember_token` varchar(100) COLLATE utf8mb4_unicode_ci DEFAULT NULL,
  `created_at` timestamp NULL DEFAULT NULL,
  `updated_at` timestamp NULL DEFAULT NULL,
  PRIMARY KEY (`id`),
  UNIQUE KEY `users_username_unique` (`username`),
  UNIQUE KEY `users_email_unique` (`email`)
) ENGINE=InnoDB AUTO_INCREMENT=5 DEFAULT CHARSET=utf8mb4 COLLATE=utf8mb4_unicode_ci;
/*!40101 SET character_set_client = @saved_cs_client */;

--
-- Dumping data for table `users`
--

LOCK TABLES `users` WRITE;
/*!40000 ALTER TABLE `users` DISABLE KEYS */;
INSERT INTO `users` VALUES (2,'haidang','$2y$10$LfX3yUETqPEPEygJ7aewsejck.FiKFoow.kyu2Y.l4DJHqzbNXoNC','admin@gmail.com',NULL,'Lâm Thái Hải Đăng','images/1698726151.jpg','0987654321','Hẽm 61 Phạm Ngọc Hưng, Đường Võ Văn Kiệt, Thành Phố Cần Thơ',1,'2023-10-03 15:37:00',NULL,NULL,'2023-10-29 20:15:00','2023-11-02 18:49:19'),(4,'GiaHuy','$2y$10$udQF/qNhnnNPhyAwr.N3TePQ1fxVQUTxpEYm.a.74gqH.L2Jy/ANO','giahuy@gmail.com',NULL,NULL,'images/1698723019.jpeg',NULL,NULL,0,NULL,NULL,NULL,'2023-10-30 20:12:12','2023-10-30 20:30:19');
/*!40000 ALTER TABLE `users` ENABLE KEYS */;
UNLOCK TABLES;
/*!40103 SET TIME_ZONE=@OLD_TIME_ZONE */;

/*!40101 SET SQL_MODE=@OLD_SQL_MODE */;
/*!40014 SET FOREIGN_KEY_CHECKS=@OLD_FOREIGN_KEY_CHECKS */;
/*!40014 SET UNIQUE_CHECKS=@OLD_UNIQUE_CHECKS */;
/*!40101 SET CHARACTER_SET_CLIENT=@OLD_CHARACTER_SET_CLIENT */;
/*!40101 SET CHARACTER_SET_RESULTS=@OLD_CHARACTER_SET_RESULTS */;
/*!40101 SET COLLATION_CONNECTION=@OLD_COLLATION_CONNECTION */;
/*!40111 SET SQL_NOTES=@OLD_SQL_NOTES */;

-- Dump completed on 2023-11-07  8:07:34
